aa_slug,aa_name,aa_model_creator_name,aa_model_creator_name_CN,is_cn_provider,reasoning_type,aa_intelligence_index,aa_coding_index,aa_gpqa,aa_hle,aa_ifbench,aa_lcr,aa_scicode,aa_terminalbench_hard,aa_tau2,aa_ttft_seconds,aa_tps,aa_price_input_usd,aa_price_output_usd,aa_price_blended_usd,aa_context_length,aa_release_date,has_aa,record_date,updated_at
QwQ-32B-Preview,QwQ 32B-Preview,Alibaba,阿里巴巴,true,unknown,15.2,,0.557,0.048,,,0.038,,,0.271,55.893,0.12,0.18,0.135,32768.0,2024-11-27,true,2026-02-24,2026-02-24T04:05:22.929256+00:00
apriel-v1-5-15b-thinker,Apriel-v1.5-15B-Thinker,ServiceNow,,false,Reasoning,28.3,18.7,0.713,0.12,0.617,0.2,0.348,0.106,0.684,0.178,150.245,0.0,0.0,0.0,,2025-09-30,true,2026-02-24,2026-02-24T04:05:22.929256+00:00
apriel-v1-6-15b-thinker,Apriel-v1.6-15B-Thinker,ServiceNow,,false,Reasoning,27.5,22.0,0.733,0.098,0.691,0.503,0.373,0.144,0.693,0.234,97.913,0.0,0.0,0.0,,2025-11-25,true,2026-02-24,2026-02-24T04:05:22.929256+00:00
arctic-instruct,Arctic Instruct,Snowflake,,false,unknown,8.8,,,,,,,,,0.0,0.0,0.0,0.0,0.0,,2024-04-24,true,2026-02-24,2026-02-24T04:05:22.929256+00:00
claude-2,Claude 2.0,Anthropic,,false,unknown,9.1,12.9,0.344,,,,0.194,,,0.0,0.0,0.0,0.0,0.0,,2023-07-11,true,2026-02-24,2026-02-24T04:05:22.929256+00:00
claude-21,Claude 2.1,Anthropic,,false,unknown,9.3,14.0,0.319,0.042,,,0.184,,,0.0,0.0,0.0,0.0,0.0,,2023-11-21,true,2026-02-24,2026-02-24T04:05:22.929256+00:00
claude-3-5-haiku,Claude 3.5 Haiku,Anthropic,,false,unknown,18.7,10.7,0.408,0.035,0.428,0.233,0.274,0.023,0.246,0.0,0.0,0.8,4.0,1.6,200000.0,2024-10-22,true,2026-02-24,2026-02-24T04:05:22.929256+00:00
claude-3-7-sonnet,Claude 3.7 Sonnet (Non-reasoning),Anthropic,,false,Non Reasoning,30.8,26.7,0.656,0.048,0.44,0.483,0.376,0.212,0.5,0.0,0.0,3.0,15.0,6.0,200000.0,2025-02-24,true,2026-02-24,2026-02-24T04:05:22.929256+00:00
claude-3-7-sonnet-thinking,Claude 3.7 Sonnet (Reasoning),Anthropic,,false,Reasoning,34.6,27.6,0.772,0.103,0.483,0.607,0.403,0.212,0.547,0.0,0.0,3.0,15.0,6.0,200000.0,2025-02-24,true,2026-02-24,2026-02-24T04:05:22.929256+00:00
claude-3-haiku,Claude 3 Haiku,Anthropic,,false,unknown,12.1,6.7,0.374,0.039,0.361,0.21,0.186,0.008,0.211,0.423,120.501,0.25,1.25,0.5,200000.0,2024-03-04,true,2026-02-24,2026-02-24T04:05:22.929256+00:00
claude-3-opus,Claude 3 Opus,Anthropic,,false,unknown,12.5,19.5,0.489,0.031,,,0.233,,,0.0,0.0,15.0,75.0,30.0,,2024-03-04,true,2026-02-24,2026-02-24T04:05:22.929256+00:00
claude-3-sonnet,Claude 3 Sonnet,Anthropic,,false,unknown,10.3,,0.4,0.038,,,0.229,,,0.0,0.0,3.0,15.0,6.0,,2024-03-04,true,2026-02-24,2026-02-24T04:05:22.929256+00:00
claude-35-sonnet,Claude 3.5 Sonnet (Oct '24),Anthropic,,false,unknown,15.9,30.2,0.599,0.039,,,0.366,,,0.0,0.0,3.0,15.0,6.0,200000.0,2024-10-22,true,2026-02-24,2026-02-24T04:05:22.929256+00:00
claude-35-sonnet-june-24,Claude 3.5 Sonnet (June '24),Anthropic,,false,unknown,14.2,26.0,0.56,0.037,,,0.316,,,0.0,0.0,3.0,15.0,6.0,200000.0,2024-06-21,true,2026-02-24,2026-02-24T04:05:22.929256+00:00
claude-4-1-opus,Claude 4.1 Opus (Non-reasoning),Anthropic,,false,Non Reasoning,23.6,,,,,,,,,1.469,40.709,15.0,75.0,30.0,,2025-08-05,true,2026-02-24,2026-02-24T04:05:22.929256+00:00
claude-4-1-opus-thinking,Claude 4.1 Opus (Reasoning),Anthropic,,false,Reasoning,31.9,36.5,0.809,0.119,0.554,0.663,0.409,0.343,0.714,1.424,49.336,15.0,75.0,30.0,,2025-08-05,true,2026-02-24,2026-02-24T04:05:22.929256+00:00
claude-4-5-haiku,Claude 4.5 Haiku (Non-reasoning),Anthropic,,false,Non Reasoning,31.0,29.6,0.646,0.043,0.42,0.437,0.344,0.273,0.325,0.478,108.791,1.0,5.0,2.0,,2025-10-15,true,2026-02-24,2026-02-24T04:05:22.929256+00:00
claude-4-5-haiku-reasoning,Claude 4.5 Haiku (Reasoning),Anthropic,,false,Reasoning,37.0,32.6,0.672,0.097,0.543,0.703,0.433,0.273,0.547,0.493,118.688,1.0,5.0,2.0,,2025-10-15,true,2026-02-24,2026-02-24T04:05:22.929256+00:00
claude-4-5-sonnet,Claude 4.5 Sonnet (Non-reasoning),Anthropic,,false,Non Reasoning,37.1,33.5,0.727,0.071,0.427,0.513,0.428,0.288,0.705,1.146,64.708,3.0,15.0,6.0,,2025-09-29,true,2026-02-24,2026-02-24T04:05:22.929256+00:00
claude-4-5-sonnet-thinking,Claude 4.5 Sonnet (Reasoning),Anthropic,,false,Reasoning,42.9,38.6,0.834,0.173,0.573,0.657,0.447,0.356,0.781,1.108,73.862,3.0,15.0,6.0,,2025-09-29,true,2026-02-24,2026-02-24T04:05:22.929256+00:00
claude-4-opus,Claude 4 Opus (Non-reasoning),Anthropic,,false,Non Reasoning,22.2,,0.701,0.059,0.433,0.36,0.409,,,1.407,40.102,15.0,75.0,30.0,,2025-05-22,true,2026-02-24,2026-02-24T04:05:22.929256+00:00
claude-4-opus-thinking,Claude 4 Opus (Reasoning),Anthropic,,false,Reasoning,27.4,34.0,0.796,0.117,0.537,0.337,0.398,0.311,0.705,1.48,48.41,15.0,75.0,30.0,,2025-05-22,true,2026-02-24,2026-02-24T04:05:22.929256+00:00
claude-4-sonnet,Claude 4 Sonnet (Non-reasoning),Anthropic,,false,Non Reasoning,33.0,30.6,0.683,0.04,0.454,0.443,0.373,0.273,0.523,1.375,71.496,3.0,15.0,6.0,,2025-05-22,true,2026-02-24,2026-02-24T04:05:22.929256+00:00
claude-4-sonnet-thinking,Claude 4 Sonnet (Reasoning),Anthropic,,false,Reasoning,38.6,34.1,0.777,0.096,0.547,0.647,0.4,0.311,0.646,1.249,82.056,3.0,15.0,6.0,,2025-05-22,true,2026-02-24,2026-02-24T04:05:22.929256+00:00
claude-instant,Claude Instant,Anthropic,,false,unknown,7.4,7.8,0.33,0.038,,,,,,0.0,0.0,0.0,0.0,0.0,,2023-03-14,true,2026-02-24,2026-02-24T04:05:22.929256+00:00
claude-opus-4-5,Claude Opus 4.5 (Non-reasoning),Anthropic,,false,Non Reasoning,43.0,42.9,0.81,0.129,0.43,0.653,0.47,0.409,0.863,0.953,63.103,5.0,25.0,10.0,200000.0,2025-11-24,true,2026-02-24,2026-02-24T04:05:22.929256+00:00
claude-opus-4-5-thinking,Claude Opus 4.5 (Reasoning),Anthropic,,false,Reasoning,49.7,47.8,0.866,0.284,0.58,0.74,0.495,0.47,0.895,1.059,79.847,5.0,25.0,10.0,200000.0,2025-11-24,true,2026-02-24,2026-02-24T04:05:22.929256+00:00
claude-opus-4-6,"Claude Opus 4.6 (Non-reasoning, High Effort)",Anthropic,,false,Non Reasoning,46.4,47.6,0.84,0.186,0.446,0.583,0.457,0.485,0.848,1.519,67.159,5.0,25.0,10.0,1000000.0,2026-02-05,true,2026-02-24,2026-02-24T04:05:22.929256+00:00
claude-opus-4-6-adaptive,"Claude Opus 4.6 (Adaptive Reasoning, Max Effort)",Anthropic,,false,Reasoning,53.0,48.1,0.896,0.367,0.531,0.707,0.519,0.462,0.921,1.636,71.892,5.0,25.0,10.0,1000000.0,2026-02-05,true,2026-02-24,2026-02-24T04:05:22.929256+00:00
claude-sonnet-4-6,"Claude Sonnet 4.6 (Non-reasoning, High Effort)",Anthropic,,false,Non Reasoning,44.3,46.4,0.799,0.132,0.412,0.577,0.469,0.462,0.795,0.727,55.065,3.0,15.0,6.0,1000000.0,2026-02-17,true,2026-02-24,2026-02-24T04:05:22.929256+00:00
claude-sonnet-4-6-adaptive,"Claude Sonnet 4.6 (Adaptive Reasoning, Max Effort)",Anthropic,,false,Reasoning,51.3,50.9,0.875,0.3,0.566,0.707,0.468,0.53,0.757,0.655,61.567,3.0,15.0,6.0,1000000.0,2026-02-17,true,2026-02-24,2026-02-24T04:05:22.929256+00:00
claude-sonnet-4-6-non-reasoning-low-effort,"Claude Sonnet 4.6 (Non-reasoning, Low Effort)",Anthropic,,false,Non Reasoning,42.5,43.0,0.797,0.108,0.424,0.587,0.441,0.424,0.789,0.704,56.479,3.0,15.0,6.0,1000000.0,2026-02-17,true,2026-02-24,2026-02-24T04:05:22.929256+00:00
cogito-v2-1-reasoning,Cogito v2.1 (Reasoning),Deep Cogito,,false,Reasoning,,24.8,0.768,0.11,0.463,0.217,0.41,0.167,,0.34,72.818,1.25,1.25,1.25,,2025-11-18,true,2026-02-24,2026-02-24T04:05:22.929256+00:00
command-a,Command A,Cohere,,false,unknown,13.4,9.9,0.527,0.046,0.365,0.18,0.281,0.008,0.152,0.332,52.731,2.5,10.0,4.375,256000.0,2025-03-13,true,2026-02-24,2026-02-24T04:05:22.929256+00:00
command-r-03-2024,Command-R (Mar '24),Cohere,,false,unknown,7.4,,0.284,0.048,,,0.062,,,0.0,0.0,0.5,1.5,0.75,128000.0,2024-03-12,true,2026-02-24,2026-02-24T04:05:22.929256+00:00
command-r-plus-04-2024,Command-R+ (Apr '24),Cohere,,false,unknown,8.3,,0.323,0.045,,,0.118,,,0.0,0.0,3.0,15.0,6.0,128000.0,2024-04-04,true,2026-02-24,2026-02-24T04:05:22.929256+00:00
dbrx,DBRX Instruct,Databricks,,false,unknown,8.3,,0.331,0.066,,,0.118,,,0.0,0.0,0.0,0.0,0.0,,2024-03-27,true,2026-02-24,2026-02-24T04:05:22.929256+00:00
deephermes-3-llama-3-1-8b-preview,DeepHermes 3 - Llama-3.1 8B Preview (Non-reasoning),Nous Research,,false,Non Reasoning,7.6,,0.27,0.043,,,0.091,,,0.0,0.0,0.0,0.0,0.0,,2025-02-13,true,2026-02-24,2026-02-24T04:05:22.929256+00:00
deephermes-3-mistral-24b-preview,DeepHermes 3 - Mistral 24B Preview (Non-reasoning),Nous Research,,false,Non Reasoning,10.9,,0.382,0.039,,,0.228,,,0.0,0.0,0.0,0.0,0.0,,2025-03-13,true,2026-02-24,2026-02-24T04:05:22.929256+00:00
deepseek-coder-v2,DeepSeek-Coder-V2,DeepSeek,深度求索Deepseek,true,unknown,10.6,,,,,,,,,0.0,0.0,0.0,0.0,0.0,,2024-06-17,true,2026-02-24,2026-02-24T04:05:22.929256+00:00
deepseek-coder-v2-lite,DeepSeek Coder V2 Lite Instruct,DeepSeek,深度求索Deepseek,true,unknown,8.5,,0.319,0.053,,,0.139,,,0.0,0.0,0.0,0.0,0.0,,2024-06-17,true,2026-02-24,2026-02-24T04:05:22.929256+00:00
deepseek-llm-67b-chat,DeepSeek LLM 67B Chat (V1),DeepSeek,深度求索Deepseek,true,unknown,8.4,,,,,,,,,0.0,0.0,0.0,0.0,0.0,,2023-11-29,true,2026-02-24,2026-02-24T04:05:22.929256+00:00
deepseek-r1,DeepSeek R1 0528 (May '25),DeepSeek,深度求索Deepseek,true,unknown,27.0,24.0,0.813,0.149,0.396,0.547,0.403,0.159,0.365,0.0,0.0,1.35,4.2,2.362,64000.0,2025-05-28,true,2026-02-24,2026-02-24T04:05:22.929256+00:00
deepseek-r1-0120,DeepSeek R1 (Jan '25),DeepSeek,深度求索Deepseek,true,unknown,18.8,15.9,0.708,0.093,0.39,0.523,0.357,0.061,0.114,0.0,0.0,1.35,4.0,2.362,64000.0,2025-01-20,true,2026-02-24,2026-02-24T04:05:22.929256+00:00
deepseek-r1-distill-llama-70b,DeepSeek R1 Distill Llama 70B,DeepSeek,深度求索Deepseek,true,unknown,16.0,11.4,0.402,0.061,0.276,0.11,0.312,0.015,0.219,0.796,57.888,0.7,1.05,0.875,131072.0,2025-01-20,true,2026-02-24,2026-02-24T04:05:22.929256+00:00
deepseek-r1-distill-llama-8b,DeepSeek R1 Distill Llama 8B,DeepSeek,深度求索Deepseek,true,unknown,12.1,,0.302,0.042,0.176,0.0,0.119,,,0.0,0.0,0.0,0.0,0.0,,2025-01-20,true,2026-02-24,2026-02-24T04:05:22.929256+00:00
deepseek-r1-distill-qwen-1-5b,DeepSeek R1 Distill Qwen 1.5B,DeepSeek,深度求索Deepseek,true,unknown,9.1,,0.098,0.033,0.132,0.003,0.066,,,0.0,0.0,0.0,0.0,0.0,,2025-01-20,true,2026-02-24,2026-02-24T04:05:22.929256+00:00
deepseek-r1-distill-qwen-14b,DeepSeek R1 Distill Qwen 14B,DeepSeek,深度求索Deepseek,true,unknown,15.8,,0.484,0.044,0.221,0.07,0.239,,,0.0,0.0,0.0,0.0,0.0,,2025-01-20,true,2026-02-24,2026-02-24T04:05:22.929256+00:00
deepseek-r1-distill-qwen-32b,DeepSeek R1 Distill Qwen 32B,DeepSeek,深度求索Deepseek,true,unknown,17.2,,0.615,0.055,0.229,0.097,0.376,,,0.248,56.681,0.27,0.27,0.27,32768.0,2025-01-20,true,2026-02-24,2026-02-24T04:05:22.929256+00:00
deepseek-r1-qwen3-8b,DeepSeek R1 0528 Qwen3 8B,DeepSeek,深度求索Deepseek,true,unknown,16.4,7.8,0.612,0.056,0.199,0.13,0.204,0.015,0.0,0.0,0.0,0.0,0.0,0.0,,2025-05-29,true,2026-02-24,2026-02-24T04:05:22.929256+00:00
deepseek-v2,DeepSeek-V2-Chat,DeepSeek,深度求索Deepseek,true,unknown,9.1,,,,,,,,,0.0,0.0,0.0,0.0,0.0,,2024-05-06,true,2026-02-24,2026-02-24T04:05:22.929256+00:00
deepseek-v2-5,DeepSeek-V2.5 (Dec '24),DeepSeek,深度求索Deepseek,true,unknown,12.5,,,,,,,,,0.0,0.0,0.0,0.0,0.0,,2024-12-10,true,2026-02-24,2026-02-24T04:05:22.929256+00:00
deepseek-v2-5-sep-2024,DeepSeek-V2.5,DeepSeek,深度求索Deepseek,true,unknown,12.3,,,,,,,,,0.0,0.0,0.0,0.0,0.0,,2024-09-06,true,2026-02-24,2026-02-24T04:05:22.929256+00:00
deepseek-v3,DeepSeek V3 (Dec '24),DeepSeek,深度求索Deepseek,true,unknown,16.4,16.4,0.557,0.036,0.348,0.29,0.354,0.068,0.228,0.0,0.0,0.4,0.89,0.625,163840.0,2024-12-26,true,2026-02-24,2026-02-24T04:05:22.929256+00:00
deepseek-v3-0324,DeepSeek V3 0324,DeepSeek,深度求索Deepseek,true,unknown,21.8,22.0,0.655,0.052,0.41,0.41,0.358,0.152,0.471,0.0,0.0,1.25,1.45,1.25,163840.0,2025-03-25,true,2026-02-24,2026-02-24T04:05:22.929256+00:00
deepseek-v3-1,DeepSeek V3.1 (Non-reasoning),DeepSeek,深度求索Deepseek,true,Non Reasoning,28.0,28.4,0.735,0.063,0.378,0.45,0.367,0.242,0.348,0.0,0.0,0.56,1.68,0.84,32768.0,2025-08-21,true,2026-02-24,2026-02-24T04:05:22.929256+00:00
deepseek-v3-1-reasoning,DeepSeek V3.1 (Reasoning),DeepSeek,深度求索Deepseek,true,Reasoning,27.6,29.7,0.779,0.13,0.415,0.533,0.391,0.25,0.374,0.0,0.0,0.59,1.69,0.865,32768.0,2025-08-21,true,2026-02-24,2026-02-24T04:05:22.929256+00:00
deepseek-v3-1-terminus,DeepSeek V3.1 Terminus (Non-reasoning),DeepSeek,深度求索Deepseek,true,Non Reasoning,28.4,31.9,0.751,0.084,0.412,0.433,0.321,0.318,0.371,0.0,0.0,0.335,1.5,0.626,163840.0,2025-09-22,true,2026-02-24,2026-02-24T04:05:22.929256+00:00
deepseek-v3-1-terminus-reasoning,DeepSeek V3.1 Terminus (Reasoning),DeepSeek,深度求索Deepseek,true,Reasoning,33.8,33.7,0.792,0.152,0.57,0.65,0.406,0.303,0.371,0.0,0.0,0.4,2.0,0.8,163840.0,2025-09-22,true,2026-02-24,2026-02-24T04:05:22.929256+00:00
deepseek-v3-2,DeepSeek V3.2 (Non-reasoning),DeepSeek,深度求索Deepseek,true,Non Reasoning,32.1,34.6,0.751,0.105,0.49,0.39,0.387,0.326,0.789,1.154,49.238,0.28,0.42,0.315,163840.0,2025-12-01,true,2026-02-24,2026-02-24T04:05:22.929256+00:00
deepseek-v3-2-0925,DeepSeek V3.2 Exp (Non-reasoning),DeepSeek,深度求索Deepseek,true,Non Reasoning,28.3,30.0,0.738,0.086,0.431,0.43,0.399,0.25,0.339,1.294,49.503,0.28,0.42,0.315,163840.0,2025-09-29,true,2026-02-24,2026-02-24T04:05:22.929256+00:00
deepseek-v3-2-reasoning,DeepSeek V3.2 (Reasoning),DeepSeek,深度求索Deepseek,true,Reasoning,41.6,36.7,0.84,0.222,0.607,0.65,0.389,0.356,0.906,1.181,50.119,0.28,0.42,0.315,163840.0,2025-12-01,true,2026-02-24,2026-02-24T04:05:22.929256+00:00
deepseek-v3-2-reasoning-0925,DeepSeek V3.2 Exp (Reasoning),DeepSeek,深度求索Deepseek,true,Reasoning,32.9,33.3,0.797,0.138,0.541,0.69,0.377,0.311,0.339,1.192,49.457,0.28,0.42,0.315,163840.0,2025-09-29,true,2026-02-24,2026-02-24T04:05:22.929256+00:00
deepseek-v3-2-speciale,DeepSeek V3.2 Speciale,DeepSeek,深度求索Deepseek,true,unknown,34.1,37.9,0.871,0.261,0.639,0.593,0.44,0.348,0.0,0.0,0.0,0.0,0.0,0.0,163840.0,2025-12-01,true,2026-02-24,2026-02-24T04:05:22.929256+00:00
devstral-2,Devstral 2,Mistral,,false,unknown,22.0,23.7,0.594,0.036,0.381,0.3,0.331,0.189,0.249,0.392,75.832,0.0,0.0,0.0,262144.0,2025-12-09,true,2026-02-24,2026-02-24T04:05:22.929256+00:00
devstral-medium,Devstral Medium,Mistral,,false,unknown,18.6,15.9,0.492,0.038,0.299,0.287,0.294,0.091,0.199,0.429,108.584,0.4,2.0,0.8,131072.0,2025-07-10,true,2026-02-24,2026-02-24T04:05:22.929256+00:00
devstral-small,Devstral Small (Jul '25),Mistral,,false,unknown,15.2,12.1,0.414,0.037,0.346,0.17,0.243,0.061,0.284,0.35,234.327,0.1,0.3,0.15,,2025-07-10,true,2026-02-24,2026-02-24T04:05:22.929256+00:00
devstral-small-2,Devstral Small 2,Mistral,,false,unknown,19.3,20.7,0.532,0.034,0.312,0.24,0.288,0.167,0.234,0.357,205.67,0.0,0.0,0.0,,2025-12-09,true,2026-02-24,2026-02-24T04:05:22.929256+00:00
devstral-small-2505,Devstral Small (May '25),Mistral,,false,unknown,18.0,12.2,0.434,0.04,0.316,0.267,0.245,0.061,0.38,0.0,0.0,0.1,0.3,0.15,,2025-05-21,true,2026-02-24,2026-02-24T04:05:22.929256+00:00
doubao-seed-2-0-lite,Doubao Seed 2.0 lite (Reasoning),ByteDance Seed,,true,Reasoning,36.3,21.4,0.656,0.22,0.612,0.613,0.247,0.197,0.971,0.0,0.0,0.0,0.0,0.0,,2026-02-15,true,2026-02-24,2026-02-24T04:05:22.929256+00:00
doubao-seed-code,Doubao Seed Code,ByteDance Seed,,true,unknown,33.5,31.3,0.764,0.133,0.514,0.653,0.407,0.265,0.582,0.0,0.0,0.0,0.0,0.0,,2025-11-11,true,2026-02-24,2026-02-24T04:05:22.929256+00:00
ernie-4-5-300b-a47b,ERNIE 4.5 300B A47B,Baidu,百度,true,unknown,14.9,14.5,0.811,0.035,0.391,0.023,0.315,0.061,0.0,1.932,17.791,0.28,1.1,0.485,123000.0,2025-06-30,true,2026-02-24,2026-02-24T04:05:22.929256+00:00
ernie-5-0-thinking-preview,ERNIE 5.0 Thinking Preview,Baidu,百度,true,Reasoning,29.1,29.2,0.777,0.127,0.414,0.067,0.375,0.25,0.839,0.0,0.0,0.0,0.0,0.0,,2025-11-13,true,2026-02-24,2026-02-24T04:05:22.929256+00:00
exaone-4-0-1-2b,Exaone 4.0 1.2B (Non-reasoning),LG AI Research,,false,Non Reasoning,8.1,2.5,0.424,0.058,0.253,0.0,0.074,0.0,0.205,0.0,0.0,0.0,0.0,0.0,,2025-07-15,true,2026-02-24,2026-02-24T04:05:22.929256+00:00
exaone-4-0-1-2b-reasoning,Exaone 4.0 1.2B (Reasoning),LG AI Research,,false,Reasoning,8.3,3.1,0.515,0.058,0.23,0.0,0.093,0.0,0.164,0.0,0.0,0.0,0.0,0.0,,2025-07-15,true,2026-02-24,2026-02-24T04:05:22.929256+00:00
exaone-4-0-32b,EXAONE 4.0 32B (Non-reasoning),LG AI Research,,false,Non Reasoning,11.5,9.4,0.628,0.049,0.335,0.08,0.252,0.015,0.041,0.365,89.881,0.6,1.0,0.7,,2025-07-15,true,2026-02-24,2026-02-24T04:05:22.929256+00:00
exaone-4-0-32b-reasoning,EXAONE 4.0 32B (Reasoning),LG AI Research,,false,Reasoning,16.6,14.0,0.739,0.105,0.363,0.14,0.344,0.038,0.173,0.389,96.415,0.6,1.0,0.7,,2025-07-15,true,2026-02-24,2026-02-24T04:05:22.929256+00:00
falcon-h1r-7b,Falcon-H1R-7B,TII UAE,,false,unknown,15.8,9.8,0.661,0.108,0.544,0.087,0.249,0.023,0.278,0.0,0.0,0.0,0.0,0.0,,2026-01-04,true,2026-02-24,2026-02-24T04:05:22.929256+00:00
gemini-1-0-pro,Gemini 1.0 Pro,Google,,false,unknown,8.5,,0.277,0.046,,,0.117,,,0.0,0.0,0.0,0.0,0.0,,2023-12-06,true,2026-02-24,2026-02-24T04:05:22.929256+00:00
gemini-1-0-ultra,Gemini 1.0 Ultra,Google,,false,unknown,10.1,17.6,,,,,,,,0.0,0.0,0.0,0.0,0.0,,2023-12-06,true,2026-02-24,2026-02-24T04:05:22.929256+00:00
gemini-1-5-flash,Gemini 1.5 Flash (Sep '24),Google,,false,unknown,13.8,,0.463,0.035,,,0.267,,,0.0,0.0,0.0,0.0,0.0,,2024-09-24,true,2026-02-24,2026-02-24T04:05:22.929256+00:00
gemini-1-5-flash-8b,Gemini 1.5 Flash-8B,Google,,false,unknown,11.1,,0.359,0.045,,,0.229,,,0.0,0.0,0.0,0.0,0.0,,2024-10-03,true,2026-02-24,2026-02-24T04:05:22.929256+00:00
gemini-1-5-flash-may-2024,Gemini 1.5 Flash (May '24),Google,,false,unknown,10.5,,0.324,0.042,,,0.181,,,0.0,0.0,0.0,0.0,0.0,,2024-05-14,true,2026-02-24,2026-02-24T04:05:22.929256+00:00
gemini-1-5-pro,Gemini 1.5 Pro (Sep '24),Google,,false,unknown,16.0,23.6,0.589,0.049,,,0.295,,,0.0,0.0,0.0,0.0,0.0,,2024-09-24,true,2026-02-24,2026-02-24T04:05:22.929256+00:00
gemini-1-5-pro-may-2024,Gemini 1.5 Pro (May '24),Google,,false,unknown,12.0,19.8,0.371,0.039,,,0.274,,,0.0,0.0,0.0,0.0,0.0,,2024-05-15,true,2026-02-24,2026-02-24T04:05:22.929256+00:00
gemini-2-0-flash,Gemini 2.0 Flash (Feb '25),Google,,false,unknown,18.5,13.6,0.623,0.053,0.402,0.283,0.333,0.038,0.295,0.0,0.0,0.15,0.6,0.263,1048576.0,2025-02-05,true,2026-02-24,2026-02-24T04:05:22.929256+00:00
gemini-2-0-flash-experimental,Gemini 2.0 Flash (experimental),Google,,false,unknown,16.8,,0.636,0.047,,,0.34,,,0.0,0.0,0.0,0.0,0.0,1048576.0,2024-12-11,true,2026-02-24,2026-02-24T04:05:22.929256+00:00
gemini-2-0-flash-lite-001,Gemini 2.0 Flash-Lite (Feb '25),Google,,false,unknown,14.7,,0.535,0.036,,,0.25,,,0.0,0.0,0.0,0.0,0.0,1048576.0,2025-02-25,true,2026-02-24,2026-02-24T04:05:22.929256+00:00
gemini-2-0-flash-lite-preview,Gemini 2.0 Flash-Lite (Preview),Google,,false,unknown,14.5,,0.542,0.044,,,0.247,,,0.0,0.0,0.0,0.0,0.0,1048576.0,2025-02-05,true,2026-02-24,2026-02-24T04:05:22.929256+00:00
gemini-2-0-flash-thinking-exp-0121,Gemini 2.0 Flash Thinking Experimental (Jan '25),Google,,false,Reasoning,19.6,24.1,0.701,0.071,,,0.329,,,0.0,0.0,0.0,0.0,0.0,,2025-01-21,true,2026-02-24,2026-02-24T04:05:22.929256+00:00
gemini-2-0-flash-thinking-exp-1219,Gemini 2.0 Flash Thinking Experimental (Dec '24),Google,,false,Reasoning,12.3,,,,,,,,,0.0,0.0,0.0,0.0,0.0,,2024-12-19,true,2026-02-24,2026-02-24T04:05:22.929256+00:00
gemini-2-0-pro-experimental-02-05,Gemini 2.0 Pro Experimental (Feb '25),Google,,false,unknown,18.1,25.5,0.622,0.068,,,0.312,,,0.0,0.0,0.0,0.0,0.0,,2025-02-05,true,2026-02-24,2026-02-24T04:05:22.929256+00:00
gemini-2-5-flash,Gemini 2.5 Flash (Non-reasoning),Google,,false,Non Reasoning,20.5,17.8,0.683,0.051,0.39,0.459,0.291,0.121,0.149,0.364,240.139,0.3,2.5,0.85,1048576.0,2025-05-20,true,2026-02-24,2026-02-24T04:05:22.929256+00:00
gemini-2-5-flash-04-2025,Gemini 2.5 Flash Preview (Non-reasoning),Google,,false,Non Reasoning,17.8,,0.594,0.05,,,0.233,,,0.0,0.0,0.0,0.0,0.0,1048576.0,2025-04-17,true,2026-02-24,2026-02-24T04:05:22.929256+00:00
gemini-2-5-flash-lite,Gemini 2.5 Flash-Lite (Non-reasoning),Google,,false,Non Reasoning,12.5,7.4,0.474,0.037,0.315,0.313,0.177,0.023,0.19,0.229,358.866,0.1,0.4,0.175,1048576.0,2025-06-17,true,2026-02-24,2026-02-24T04:05:22.929256+00:00
gemini-2-5-flash-lite-preview-09-2025,Gemini 2.5 Flash-Lite Preview (Sep '25) (Non-reasoning),Google,,false,Non Reasoning,19.4,14.5,0.651,0.046,0.418,0.48,0.285,0.076,0.304,1.641,322.3,0.1,0.4,0.175,1048576.0,2025-09-25,true,2026-02-24,2026-02-24T04:05:22.929256+00:00
gemini-2-5-flash-lite-preview-09-2025-reasoning,Gemini 2.5 Flash-Lite Preview (Sep '25) (Reasoning),Google,,false,Reasoning,21.6,18.1,0.709,0.066,0.526,0.59,0.287,0.129,0.307,13.821,454.709,0.1,0.4,0.175,1048576.0,2025-09-08,true,2026-02-24,2026-02-24T04:05:22.929256+00:00
gemini-2-5-flash-lite-reasoning,Gemini 2.5 Flash-Lite (Reasoning),Google,,false,Reasoning,17.4,9.5,0.625,0.064,0.499,0.513,0.193,0.045,0.184,14.485,364.005,0.1,0.4,0.175,1048576.0,2025-06-17,true,2026-02-24,2026-02-24T04:05:22.929256+00:00
gemini-2-5-flash-preview-09-2025,Gemini 2.5 Flash Preview (Sep '25) (Non-reasoning),Google,,false,Non Reasoning,25.5,22.1,0.766,0.078,0.435,0.567,0.375,0.144,0.284,0.0,0.0,0.3,2.5,0.85,1048576.0,2025-09-25,true,2026-02-24,2026-02-24T04:05:22.929256+00:00
gemini-2-5-flash-preview-09-2025-reasoning,Gemini 2.5 Flash Preview (Sep '25) (Reasoning),Google,,false,Reasoning,31.1,24.6,0.793,0.127,0.523,0.643,0.405,0.167,0.456,0.0,0.0,0.3,2.5,0.85,1048576.0,2025-09-25,true,2026-02-24,2026-02-24T04:05:22.929256+00:00
gemini-2-5-flash-reasoning,Gemini 2.5 Flash (Reasoning),Google,,false,Reasoning,26.8,22.2,0.79,0.111,0.503,0.617,0.394,0.136,0.316,15.774,286.099,0.3,2.5,0.85,1048576.0,2025-05-20,true,2026-02-24,2026-02-24T04:05:22.929256+00:00
gemini-2-5-flash-reasoning-04-2025,Gemini 2.5 Flash Preview (Reasoning),Google,,false,Reasoning,24.3,,0.698,0.116,,,0.359,,,0.0,0.0,0.0,0.0,0.0,1048576.0,2025-04-17,true,2026-02-24,2026-02-24T04:05:22.929256+00:00
gemini-2-5-pro,Gemini 2.5 Pro,Google,,false,unknown,34.5,31.9,0.844,0.211,0.487,0.66,0.428,0.265,0.541,37.975,153.224,1.25,10.0,3.438,1048576.0,2025-06-05,true,2026-02-24,2026-02-24T04:05:22.929256+00:00
gemini-2-5-pro-03-25,Gemini 2.5 Pro Preview (Mar' 25),Google,,false,unknown,30.3,46.7,0.836,0.171,,,0.395,,,0.0,0.0,0.0,0.0,0.0,1048576.0,2025-03-25,true,2026-02-24,2026-02-24T04:05:22.929256+00:00
gemini-2-5-pro-05-06,Gemini 2.5 Pro Preview (May' 25),Google,,false,unknown,29.5,,0.822,0.154,,,0.416,,,0.0,0.0,1.25,10.0,3.438,1048576.0,2025-05-06,true,2026-02-24,2026-02-24T04:05:22.929256+00:00
gemini-3-1-pro-preview,Gemini 3.1 Pro Preview,Google,,false,unknown,57.0,55.5,0.941,0.447,0.771,0.727,0.589,0.538,0.956,28.958,109.176,2.0,12.0,4.5,1048576.0,2026-02-19,true,2026-02-24,2026-02-24T04:05:22.929256+00:00
gemini-3-flash,Gemini 3 Flash Preview (Non-reasoning),Google,,false,Non Reasoning,35.1,37.8,0.812,0.141,0.551,0.48,0.499,0.318,0.433,7.794,170.277,0.5,3.0,1.125,1048576.0,2025-12-17,true,2026-02-24,2026-02-24T04:05:22.929256+00:00
gemini-3-flash-reasoning,Gemini 3 Flash Preview (Reasoning),Google,,false,Reasoning,46.4,42.6,0.898,0.347,0.78,0.663,0.506,0.386,0.804,12.625,199.628,0.5,3.0,1.125,1048576.0,2025-12-17,true,2026-02-24,2026-02-24T04:05:22.929256+00:00
gemini-3-pro,Gemini 3 Pro Preview (high),Google,,false,unknown,48.4,46.5,0.908,0.372,0.704,0.707,0.561,0.417,0.871,28.633,139.472,2.0,12.0,4.5,1048576.0,2025-11-18,true,2026-02-24,2026-02-24T04:05:22.929256+00:00
gemini-3-pro-low,Gemini 3 Pro Preview (low),Google,,false,unknown,41.1,39.4,0.887,0.276,0.497,0.673,0.499,0.341,0.681,4.387,137.995,2.0,12.0,4.5,1048576.0,2025-11-18,true,2026-02-24,2026-02-24T04:05:22.929256+00:00
gemma-3-12b,Gemma 3 12B Instruct,Google,,false,unknown,8.8,6.3,0.349,0.048,0.367,0.067,0.174,0.008,0.108,20.008,36.155,0.0,0.0,0.0,32768.0,2025-03-12,true,2026-02-24,2026-02-24T04:05:22.929256+00:00
gemma-3-1b,Gemma 3 1B Instruct,Google,,false,unknown,5.4,0.2,0.237,0.052,0.199,0.0,0.007,0.0,0.105,0.529,49.695,0.0,0.0,0.0,,2025-03-13,true,2026-02-24,2026-02-24T04:05:22.929256+00:00
gemma-3-270m,Gemma 3 270M,Google,,false,unknown,7.5,0.0,0.224,0.042,0.121,0.0,0.0,0.0,0.091,0.0,0.0,0.0,0.0,0.0,,2025-08-14,true,2026-02-24,2026-02-24T04:05:22.929256+00:00
gemma-3-27b,Gemma 3 27B Instruct,Google,,false,unknown,10.2,9.6,0.428,0.047,0.318,0.057,0.212,0.038,0.105,0.724,37.158,0.0,0.0,0.0,131072.0,2025-03-12,true,2026-02-24,2026-02-24T04:05:22.929256+00:00
gemma-3-4b,Gemma 3 4B Instruct,Google,,false,unknown,6.3,2.9,0.291,0.052,0.283,0.057,0.073,0.008,0.05,0.927,34.928,0.0,0.0,0.0,32768.0,2025-03-12,true,2026-02-24,2026-02-24T04:05:22.929256+00:00
gemma-3n-e2b,Gemma 3n E2B Instruct,Google,,false,unknown,4.7,2.2,0.229,0.04,0.22,0.0,0.052,0.008,0.0,0.397,52.775,0.0,0.0,0.0,,2025-06-26,true,2026-02-24,2026-02-24T04:05:22.929256+00:00
gemma-3n-e4b,Gemma 3n E4B Instruct,Google,,false,unknown,6.3,4.2,0.296,0.044,0.279,0.0,0.081,0.023,0.05,0.367,52.744,0.02,0.04,0.025,,2025-06-26,true,2026-02-24,2026-02-24T04:05:22.929256+00:00
gemma-3n-e4b-preview-0520,Gemma 3n E4B Instruct Preview (May '25),Google,,false,unknown,10.1,,0.278,0.049,,,0.086,,,0.0,0.0,0.0,0.0,0.0,,2025-05-20,true,2026-02-24,2026-02-24T04:05:22.929256+00:00
glm-4-5-air,GLM-4.5-Air,Z AI,智谱,true,unknown,23.2,23.8,0.733,0.068,0.376,0.437,0.306,0.205,0.465,0.95,262.472,0.2,1.1,0.425,131072.0,2025-07-28,true,2026-02-24,2026-02-24T04:05:22.929256+00:00
glm-4-5v,GLM-4.5V (Non-reasoning),Z AI,智谱,true,Non Reasoning,12.5,10.8,0.573,0.036,0.286,0.0,0.188,0.068,0.196,1.107,53.316,0.6,1.8,0.9,65536.0,2025-08-11,true,2026-02-24,2026-02-24T04:05:22.929256+00:00
glm-4-5v-reasoning,GLM-4.5V (Reasoning),Z AI,智谱,true,Reasoning,14.9,10.9,0.684,0.059,0.342,0.0,0.221,0.053,0.225,1.062,56.481,0.6,1.8,0.9,65536.0,2025-08-11,true,2026-02-24,2026-02-24T04:05:22.929256+00:00
glm-4-6,GLM-4.6 (Non-reasoning),Z AI,智谱,true,Non Reasoning,30.1,30.2,0.632,0.052,0.367,0.263,0.331,0.288,0.769,1.713,98.365,0.6,2.2,1.0,202752.0,2025-09-30,true,2026-02-24,2026-02-24T04:05:22.929256+00:00
glm-4-6-reasoning,GLM-4.6 (Reasoning),Z AI,智谱,true,Reasoning,32.5,29.5,0.78,0.133,0.434,0.543,0.384,0.25,0.705,0.575,109.386,0.575,2.2,0.981,202752.0,2025-09-30,true,2026-02-24,2026-02-24T04:05:22.929256+00:00
glm-4-6v,GLM-4.6V (Non-reasoning),Z AI,智谱,true,Non Reasoning,17.1,11.1,0.566,0.037,0.279,0.123,0.272,0.03,0.307,0.971,44.926,0.3,0.9,0.45,131072.0,2025-12-08,true,2026-02-24,2026-02-24T04:05:22.929256+00:00
glm-4-6v-reasoning,GLM-4.6V (Reasoning),Z AI,智谱,true,Reasoning,23.5,19.7,0.719,0.089,0.301,0.403,0.304,0.144,0.316,0.684,74.466,0.3,0.9,0.45,131072.0,2025-12-08,true,2026-02-24,2026-02-24T04:05:22.929256+00:00
glm-4-7,GLM-4.7 (Reasoning),Z AI,智谱,true,Reasoning,42.0,36.3,0.859,0.251,0.679,0.64,0.451,0.318,0.959,0.648,159.203,0.55,2.15,0.938,202752.0,2025-12-22,true,2026-02-24,2026-02-24T04:05:22.929256+00:00
glm-4-7-flash,GLM-4.7-Flash (Reasoning),Z AI,智谱,true,Reasoning,30.1,25.9,0.581,0.071,0.608,0.35,0.337,0.22,0.988,0.715,55.389,0.065,0.4,0.149,202752.0,2026-01-19,true,2026-02-24,2026-02-24T04:05:22.929256+00:00
glm-4-7-flash-non-reasoning,GLM-4.7-Flash (Non-reasoning),Z AI,智谱,true,Non Reasoning,21.5,11.0,0.452,0.049,0.463,0.147,0.255,0.038,0.918,0.768,100.374,0.07,0.4,0.152,202752.0,2026-01-19,true,2026-02-24,2026-02-24T04:05:22.929256+00:00
glm-4-7-non-reasoning,GLM-4.7 (Non-reasoning),Z AI,智谱,true,Non Reasoning,34.1,32.0,0.664,0.061,0.546,0.363,0.354,0.303,0.942,0.567,135.802,0.55,2.15,0.938,202752.0,2025-12-22,true,2026-02-24,2026-02-24T04:05:22.929256+00:00
glm-4.5,GLM-4.5 (Reasoning),Z AI,智谱,true,Reasoning,26.2,26.3,0.782,0.122,0.441,0.483,0.348,0.22,0.43,0.902,45.636,0.49,1.9,0.843,131000.0,2025-07-28,true,2026-02-24,2026-02-24T04:05:22.929256+00:00
glm-5,GLM-5 (Reasoning),Z AI,智谱,true,Reasoning,49.6,44.2,0.82,0.272,0.723,0.633,0.462,0.432,0.982,1.379,67.529,1.0,3.2,1.55,204800.0,2026-02-11,true,2026-02-24,2026-02-24T04:05:22.929256+00:00
glm-5-non-reasoning,GLM-5 (Non-reasoning),Z AI,智谱,true,Non Reasoning,40.5,39.0,0.666,0.072,0.552,0.37,0.383,0.394,0.974,3.268,39.133,1.0,3.2,1.55,204800.0,2026-02-11,true,2026-02-24,2026-02-24T04:05:22.929256+00:00
gpt-3-5-turbo-0613,GPT-3.5 Turbo (0613),OpenAI,,false,unknown,,,,,,,,,,0.0,0.0,0.0,0.0,0.0,4095.0,2023-06-13,true,2026-02-24,2026-02-24T04:05:22.929256+00:00
gpt-35-turbo,GPT-3.5 Turbo,OpenAI,,false,unknown,9.0,10.7,0.297,,,,,,,0.37,96.541,0.5,1.5,0.75,4095.0,2022-11-30,true,2026-02-24,2026-02-24T04:05:22.929256+00:00
gpt-4,GPT-4,OpenAI,,false,unknown,12.8,13.1,,,,,,,,0.643,38.647,30.0,60.0,37.5,8191.0,2023-03-14,true,2026-02-24,2026-02-24T04:05:22.929256+00:00
gpt-4-1,GPT-4.1,OpenAI,,false,unknown,25.6,21.8,0.666,0.046,0.43,0.61,0.381,0.136,0.471,0.53,122.793,2.0,8.0,3.5,1047576.0,2025-04-14,true,2026-02-24,2026-02-24T04:05:22.929256+00:00
gpt-4-1-mini,GPT-4.1 mini,OpenAI,,false,unknown,22.4,18.5,0.664,0.046,0.383,0.423,0.404,0.076,0.529,0.474,81.196,0.4,1.6,0.7,1047576.0,2025-04-14,true,2026-02-24,2026-02-24T04:05:22.929256+00:00
gpt-4-1-nano,GPT-4.1 nano,OpenAI,,false,unknown,12.9,11.2,0.512,0.039,0.32,0.17,0.259,0.038,0.173,0.365,146.991,0.1,0.4,0.175,1047576.0,2025-04-14,true,2026-02-24,2026-02-24T04:05:22.929256+00:00
gpt-4-5,GPT-4.5 (Preview),OpenAI,,false,unknown,20.0,,,,,,,,,0.0,0.0,0.0,0.0,0.0,,2025-02-27,true,2026-02-24,2026-02-24T04:05:22.929256+00:00
gpt-4-turbo,GPT-4 Turbo,OpenAI,,false,unknown,13.7,21.5,,0.033,,,0.319,,,1.242,27.39,10.0,30.0,15.0,128000.0,2023-11-06,true,2026-02-24,2026-02-24T04:05:22.929256+00:00
gpt-4o,GPT-4o (Nov '24),OpenAI,,false,unknown,17.3,16.7,0.543,0.033,0.343,0.0,0.333,0.083,0.251,0.485,170.671,2.5,10.0,4.375,128000.0,2024-11-20,true,2026-02-24,2026-02-24T04:05:22.929256+00:00
gpt-4o-2024-05-13,GPT-4o (May '24),OpenAI,,false,unknown,16.0,24.2,0.526,0.028,,,0.309,,,0.53,148.383,5.0,15.0,7.5,128000.0,2024-05-13,true,2026-02-24,2026-02-24T04:05:22.929256+00:00
gpt-4o-2024-08-06,GPT-4o (Aug '24),OpenAI,,false,unknown,18.8,16.6,0.521,0.029,0.36,0.35,0.331,0.083,0.289,0.462,127.51,2.5,10.0,4.375,128000.0,2024-08-06,true,2026-02-24,2026-02-24T04:05:22.929256+00:00
gpt-4o-chatgpt,GPT-4o (ChatGPT),OpenAI,,false,unknown,14.1,,0.511,0.037,,0.53,0.334,,,0.0,0.0,0.0,0.0,0.0,128000.0,2025-02-15,true,2026-02-24,2026-02-24T04:05:22.929256+00:00
gpt-4o-chatgpt-03-25,"GPT-4o (March 2025, chatgpt-4o-latest)",OpenAI,,false,unknown,18.6,,0.655,0.05,,,0.366,,,0.0,0.0,0.0,0.0,0.0,128000.0,2025-03-27,true,2026-02-24,2026-02-24T04:05:22.929256+00:00
gpt-4o-mini,GPT-4o mini,OpenAI,,false,unknown,12.6,,0.426,0.04,0.31,,0.229,,,0.456,54.026,0.15,0.6,0.263,128000.0,2024-07-18,true,2026-02-24,2026-02-24T04:05:22.929256+00:00
gpt-4o-mini-realtime-dec-2024,GPT-4o mini Realtime (Dec '24),OpenAI,,false,unknown,,,,,,,,,,0.0,0.0,0.0,0.0,0.0,,2024-12-17,true,2026-02-24,2026-02-24T04:05:22.929256+00:00
gpt-4o-realtime-dec-2024,GPT-4o Realtime (Dec '24),OpenAI,,false,unknown,,,,,,,,,,0.0,0.0,0.0,0.0,0.0,,2024-12-17,true,2026-02-24,2026-02-24T04:05:22.929256+00:00
gpt-5,GPT-5 (high),OpenAI,,false,unknown,44.6,36.0,0.854,0.265,0.731,0.756,0.429,0.326,0.848,106.231,103.164,1.25,10.0,3.438,128000.0,2025-08-07,true,2026-02-24,2026-02-24T04:05:22.929256+00:00
gpt-5-1,GPT-5.1 (high),OpenAI,,false,unknown,47.6,44.7,0.873,0.265,0.729,0.75,0.433,0.455,0.819,27.157,135.199,1.25,10.0,3.438,400000.0,2025-11-13,true,2026-02-24,2026-02-24T04:05:22.929256+00:00
gpt-5-1-codex,GPT-5.1 Codex (high),OpenAI,,false,unknown,42.2,36.6,0.86,0.234,0.7,0.673,0.402,0.348,0.83,11.037,291.338,1.25,10.0,3.438,400000.0,2025-11-13,true,2026-02-24,2026-02-24T04:05:22.929256+00:00
gpt-5-1-codex-mini,GPT-5.1 Codex mini (high),OpenAI,,false,unknown,38.5,36.4,0.813,0.169,0.679,0.627,0.426,0.333,0.629,9.602,162.048,0.25,2.0,0.688,400000.0,2025-11-13,true,2026-02-24,2026-02-24T04:05:22.929256+00:00
gpt-5-1-non-reasoning,GPT-5.1 (Non-reasoning),OpenAI,,false,Non Reasoning,27.4,27.3,0.643,0.052,0.432,0.44,0.365,0.227,0.465,0.616,109.409,1.25,10.0,3.438,400000.0,2025-11-13,true,2026-02-24,2026-02-24T04:05:22.929256+00:00
gpt-5-2,GPT-5.2 (xhigh),OpenAI,,false,unknown,51.2,48.7,0.903,0.354,0.754,0.727,0.521,0.47,0.848,37.559,89.618,1.75,14.0,4.813,128000.0,2025-12-11,true,2026-02-24,2026-02-24T04:05:22.929256+00:00
gpt-5-2-codex,GPT-5.2 Codex (xhigh),OpenAI,,false,unknown,49.0,43.0,0.899,0.335,0.776,0.757,0.546,0.371,0.921,21.032,95.736,1.75,14.0,4.813,400000.0,2025-12-11,true,2026-02-24,2026-02-24T04:05:22.929256+00:00
gpt-5-2-medium,GPT-5.2 (medium),OpenAI,,false,unknown,46.6,44.2,0.864,0.249,0.652,0.633,0.462,0.432,0.743,0.0,0.0,1.75,14.0,4.813,128000.0,2025-12-11,true,2026-02-24,2026-02-24T04:05:22.929256+00:00
gpt-5-2-non-reasoning,GPT-5.2 (Non-reasoning),OpenAI,,false,Non Reasoning,33.5,34.7,0.712,0.073,0.474,0.38,0.404,0.318,0.465,0.541,75.418,1.75,14.0,4.813,128000.0,2025-12-11,true,2026-02-24,2026-02-24T04:05:22.929256+00:00
gpt-5-chatgpt,GPT-5 (ChatGPT),OpenAI,,false,unknown,21.8,21.2,0.686,0.058,0.45,0.637,0.378,0.129,0.0,0.524,204.495,1.25,10.0,3.438,128000.0,2025-08-07,true,2026-02-24,2026-02-24T04:05:22.929256+00:00
gpt-5-codex,GPT-5 Codex (high),OpenAI,,false,unknown,44.5,38.9,0.837,0.256,0.741,0.69,0.409,0.379,0.868,13.136,343.963,1.25,10.0,3.438,400000.0,2025-09-23,true,2026-02-24,2026-02-24T04:05:22.929256+00:00
gpt-5-low,GPT-5 (low),OpenAI,,false,unknown,39.0,30.7,0.808,0.184,0.666,0.587,0.391,0.265,0.842,27.121,91.342,1.25,10.0,3.438,128000.0,2025-08-07,true,2026-02-24,2026-02-24T04:05:22.929256+00:00
gpt-5-medium,GPT-5 (medium),OpenAI,,false,unknown,41.8,39.0,0.842,0.235,0.706,0.728,0.411,0.379,0.865,49.19,93.637,1.25,10.0,3.438,128000.0,2025-08-07,true,2026-02-24,2026-02-24T04:05:22.929256+00:00
gpt-5-mini,GPT-5 mini (high),OpenAI,,false,unknown,41.0,35.3,0.828,0.197,0.754,0.68,0.392,0.333,0.684,108.227,76.036,0.25,2.0,0.688,400000.0,2025-08-07,true,2026-02-24,2026-02-24T04:05:22.929256+00:00
gpt-5-mini-medium,GPT-5 mini (medium),OpenAI,,false,unknown,38.8,32.9,0.803,0.146,0.712,0.66,0.41,0.288,0.711,32.227,72.889,0.25,2.0,0.688,400000.0,2025-08-07,true,2026-02-24,2026-02-24T04:05:22.929256+00:00
gpt-5-mini-minimal,GPT-5 mini (minimal),OpenAI,,false,unknown,20.7,21.9,0.687,0.05,0.456,0.357,0.369,0.144,0.319,0.743,73.431,0.25,2.0,0.688,400000.0,2025-08-07,true,2026-02-24,2026-02-24T04:05:22.929256+00:00
gpt-5-minimal,GPT-5 (minimal),OpenAI,,false,unknown,23.7,25.1,0.673,0.054,0.456,0.25,0.388,0.182,0.67,1.031,68.419,1.25,10.0,3.438,128000.0,2025-08-07,true,2026-02-24,2026-02-24T04:05:22.929256+00:00
gpt-5-nano,GPT-5 nano (high),OpenAI,,false,unknown,26.7,20.3,0.676,0.082,0.676,0.417,0.366,0.121,0.365,123.114,137.797,0.05,0.4,0.138,400000.0,2025-08-07,true,2026-02-24,2026-02-24T04:05:22.929256+00:00
gpt-5-nano-medium,GPT-5 nano (medium),OpenAI,,false,unknown,25.7,22.9,0.67,0.076,0.659,0.4,0.338,0.174,0.304,56.051,134.83,0.05,0.4,0.138,400000.0,2025-08-07,true,2026-02-24,2026-02-24T04:05:22.929256+00:00
gpt-5-nano-minimal,GPT-5 nano (minimal),OpenAI,,false,unknown,13.7,14.2,0.428,0.041,0.325,0.2,0.291,0.068,0.257,0.688,141.253,0.05,0.4,0.138,400000.0,2025-08-07,true,2026-02-24,2026-02-24T04:05:22.929256+00:00
gpt-oss-120b,gpt-oss-120B (high),OpenAI,,false,unknown,33.3,28.6,0.782,0.185,0.69,0.507,0.389,0.235,0.658,0.48,336.014,0.15,0.6,0.263,131072.0,2025-08-05,true,2026-02-24,2026-02-24T04:05:22.929256+00:00
gpt-oss-120b-low,gpt-oss-120B (low),OpenAI,,false,unknown,23.9,15.5,0.672,0.052,0.583,0.437,0.36,0.053,0.45,0.445,350.163,0.15,0.595,0.263,131072.0,2025-08-05,true,2026-02-24,2026-02-24T04:05:22.929256+00:00
gpt-oss-20b,gpt-oss-20B (high),OpenAI,,false,unknown,24.5,18.5,0.688,0.098,0.651,0.307,0.344,0.106,0.602,0.476,312.657,0.07,0.2,0.1,131072.0,2025-08-05,true,2026-02-24,2026-02-24T04:05:22.929256+00:00
gpt-oss-20b-low,gpt-oss-20B (low),OpenAI,,false,unknown,20.8,14.4,0.611,0.051,0.578,0.31,0.34,0.045,0.503,0.45,308.784,0.07,0.2,0.1,131072.0,2025-08-05,true,2026-02-24,2026-02-24T04:05:22.929256+00:00
granite-3-3-8b-instruct,Granite 3.3 8B (Non-reasoning),IBM,,false,Non Reasoning,6.8,3.4,0.338,0.042,0.224,0.043,0.101,0.0,0.105,9.114,579.429,0.03,0.25,0.085,,2025-04-16,true,2026-02-24,2026-02-24T04:05:22.929256+00:00
granite-4-0-350m,Granite 4.0 350M,IBM,,false,unknown,6.6,0.3,0.261,0.057,0.159,0.0,0.009,0.0,0.132,0.0,0.0,0.0,0.0,0.0,,2025-10-28,true,2026-02-24,2026-02-24T04:05:22.929256+00:00
granite-4-0-h-350m,Granite 4.0 H 350M,IBM,,false,unknown,5.3,0.6,0.257,0.064,0.176,0.0,0.017,0.0,0.146,0.0,0.0,0.0,0.0,0.0,,2025-10-28,true,2026-02-24,2026-02-24T04:05:22.929256+00:00
granite-4-0-h-nano-1b,Granite 4.0 H 1B,IBM,,false,unknown,8.0,2.7,0.263,0.05,0.262,0.063,0.082,0.0,0.196,0.0,0.0,0.0,0.0,0.0,,2025-10-28,true,2026-02-24,2026-02-24T04:05:22.929256+00:00
granite-4-0-h-small,Granite 4.0 H Small,IBM,,false,unknown,10.8,8.5,0.416,0.037,0.315,0.09,0.209,0.023,0.173,8.772,446.389,0.06,0.25,0.107,,2025-09-22,true,2026-02-24,2026-02-24T04:05:22.929256+00:00
granite-4-0-micro,Granite 4.0 Micro,IBM,,false,unknown,7.7,5.0,0.336,0.051,0.248,0.04,0.119,0.015,0.126,0.0,0.0,0.0,0.0,0.0,131000.0,2025-09-22,true,2026-02-24,2026-02-24T04:05:22.929256+00:00
granite-4-0-nano-1b,Granite 4.0 1B,IBM,,false,unknown,7.3,2.9,0.281,0.051,0.205,0.04,0.087,0.0,0.228,0.0,0.0,0.0,0.0,0.0,,2025-10-28,true,2026-02-24,2026-02-24T04:05:22.929256+00:00
grok-1,Grok-1,xAI,,false,unknown,11.7,,,,,,,,,0.0,0.0,0.0,0.0,0.0,,2024-03-17,true,2026-02-24,2026-02-24T04:05:22.929256+00:00
grok-2-1212,Grok 2 (Dec '24),xAI,,false,unknown,13.9,,0.51,0.038,,,0.285,,,0.0,0.0,0.0,0.0,0.0,,2024-12-12,true,2026-02-24,2026-02-24T04:05:22.929256+00:00
grok-3,Grok 3,xAI,,false,unknown,25.0,19.8,0.693,0.051,0.469,0.547,0.368,0.114,0.488,0.751,68.073,3.0,15.0,6.0,131072.0,2025-02-19,true,2026-02-24,2026-02-24T04:05:22.929256+00:00
grok-3-mini-reasoning,Grok 3 mini Reasoning (high),xAI,,false,Reasoning,32.0,25.2,0.791,0.111,0.459,0.503,0.406,0.174,0.904,0.764,194.293,0.3,0.5,0.35,,2025-02-19,true,2026-02-24,2026-02-24T04:05:22.929256+00:00
grok-3-reasoning,Grok 3 Reasoning Beta,xAI,,false,Reasoning,21.6,,,,,,,,,0.0,0.0,0.0,0.0,0.0,,2025-02-19,true,2026-02-24,2026-02-24T04:05:22.929256+00:00
grok-4,Grok 4,xAI,,false,unknown,41.4,40.5,0.877,0.239,0.537,0.68,0.457,0.379,0.749,8.454,43.019,3.0,15.0,6.0,256000.0,2025-07-10,true,2026-02-24,2026-02-24T04:05:22.929256+00:00
grok-4-1-fast,Grok 4.1 Fast (Non-reasoning),xAI,,false,Non Reasoning,23.5,19.5,0.637,0.05,0.365,0.22,0.296,0.144,0.637,0.784,117.503,0.2,0.5,0.275,2000000.0,2025-11-19,true,2026-02-24,2026-02-24T04:05:22.929256+00:00
grok-4-1-fast-reasoning,Grok 4.1 Fast (Reasoning),xAI,,false,Reasoning,38.5,30.9,0.853,0.176,0.527,0.68,0.442,0.242,0.933,13.451,159.001,0.2,0.5,0.275,2000000.0,2025-11-19,true,2026-02-24,2026-02-24T04:05:22.929256+00:00
grok-4-fast,Grok 4 Fast (Non-reasoning),xAI,,false,Non Reasoning,22.6,19.0,0.606,0.05,0.377,0.2,0.329,0.121,0.637,0.696,160.65,0.2,0.5,0.275,2000000.0,2025-09-19,true,2026-02-24,2026-02-24T04:05:22.929256+00:00
grok-4-fast-reasoning,Grok 4 Fast (Reasoning),xAI,,false,Reasoning,34.9,27.4,0.847,0.17,0.505,0.647,0.442,0.189,0.658,4.317,214.134,0.2,0.5,0.275,2000000.0,2025-09-19,true,2026-02-24,2026-02-24T04:05:22.929256+00:00
grok-beta,Grok Beta,xAI,,false,unknown,13.3,,0.471,0.047,,,0.295,,,0.0,0.0,0.0,0.0,0.0,,2024-08-13,true,2026-02-24,2026-02-24T04:05:22.929256+00:00
grok-code-fast-1,Grok Code Fast 1,xAI,,false,unknown,28.7,23.7,0.727,0.075,0.414,0.483,0.362,0.174,0.757,7.074,341.765,0.2,1.5,0.525,256000.0,2025-08-28,true,2026-02-24,2026-02-24T04:05:22.929256+00:00
grok-voice,Grok Voice Agent,xAI,,false,unknown,,,,,,,,,,0.0,0.0,0.0,0.0,0.0,,2025-12-17,true,2026-02-24,2026-02-24T04:05:22.929256+00:00
hermes-3-llama-3-1-70b,Hermes 3 - Llama-3.1 70B,Nous Research,,false,unknown,10.6,,0.401,0.041,,,0.231,,,0.29,35.4,0.3,0.3,0.3,,2024-08-15,true,2026-02-24,2026-02-24T04:05:22.929256+00:00
hermes-4-llama-3-1-405b,Hermes 4 - Llama-3.1 405B (Non-reasoning),Nous Research,,false,Non Reasoning,17.6,18.1,0.536,0.042,0.348,0.2,0.346,0.098,0.266,0.68,27.26,1.0,3.0,1.5,,2025-08-27,true,2026-02-24,2026-02-24T04:05:22.929256+00:00
hermes-4-llama-3-1-405b-reasoning,Hermes 4 - Llama-3.1 405B (Reasoning),Nous Research,,false,Reasoning,18.6,16.0,0.727,0.103,0.327,0.207,0.252,0.114,0.222,9.77,9.855,1.0,3.0,1.5,,2025-08-27,true,2026-02-24,2026-02-24T04:05:22.929256+00:00
hermes-4-llama-3-1-70b,Hermes 4 - Llama-3.1 70B (Non-reasoning),Nous Research,,false,Non Reasoning,12.4,9.2,0.491,0.036,0.29,0.02,0.277,0.0,0.216,1.203,11.287,0.13,0.4,0.198,,2025-08-27,true,2026-02-24,2026-02-24T04:05:22.929256+00:00
hermes-4-llama-3-1-70b-reasoning,Hermes 4 - Llama-3.1 70B (Reasoning),Nous Research,,false,Reasoning,16.0,14.4,0.699,0.079,0.313,0.067,0.341,0.045,0.225,0.677,13.196,0.13,0.4,0.198,,2025-08-27,true,2026-02-24,2026-02-24T04:05:22.929256+00:00
hyperclova-x-seed-think-32b,HyperCLOVA X SEED Think (32B),Naver,,false,Reasoning,23.7,17.5,0.615,0.055,0.379,0.117,0.284,0.121,0.874,0.0,0.0,0.0,0.0,0.0,,2025-12-26,true,2026-02-24,2026-02-24T04:05:22.929256+00:00
intellect-3,INTELLECT-3,Prime Intellect,,false,unknown,22.1,19.1,0.761,0.121,0.34,0.323,0.391,0.091,0.266,0.819,63.474,0.2,1.1,0.425,131072.0,2025-11-27,true,2026-02-24,2026-02-24T04:05:22.929256+00:00
jamba-1-5-large,Jamba 1.5 Large,AI21 Labs,,false,unknown,10.7,,0.427,0.04,,,0.163,,,0.0,0.0,2.0,8.0,3.5,,2024-08-22,true,2026-02-24,2026-02-24T04:05:22.929256+00:00
jamba-1-5-mini,Jamba 1.5 Mini,AI21 Labs,,false,unknown,8.0,,0.302,0.051,,,0.08,,,0.0,0.0,0.2,0.4,0.25,,2024-08-22,true,2026-02-24,2026-02-24T04:05:22.929256+00:00
jamba-1-6-large,Jamba 1.6 Large,AI21 Labs,,false,unknown,10.6,,0.387,0.04,,,0.184,,,0.798,54.303,2.0,8.0,3.5,,2025-03-06,true,2026-02-24,2026-02-24T04:05:22.929256+00:00
jamba-1-6-mini,Jamba 1.6 Mini,AI21 Labs,,false,unknown,7.9,,0.3,0.046,,,0.101,,,0.652,180.872,0.2,0.4,0.25,,2025-03-06,true,2026-02-24,2026-02-24T04:05:22.929256+00:00
jamba-1-7-large,Jamba 1.7 Large,AI21 Labs,,false,unknown,9.3,7.8,0.39,0.038,0.352,0.173,0.188,0.023,0.135,0.743,51.632,2.0,8.0,3.5,,2025-07-07,true,2026-02-24,2026-02-24T04:05:22.929256+00:00
jamba-1-7-mini,Jamba 1.7 Mini,AI21 Labs,,false,unknown,7.3,3.1,0.322,0.045,0.314,0.127,0.093,0.0,0.126,0.0,0.0,0.2,0.4,0.25,,2025-07-07,true,2026-02-24,2026-02-24T04:05:22.929256+00:00
jamba-reasoning-3b,Jamba Reasoning 3B,AI21 Labs,,false,Reasoning,10.3,2.5,0.333,0.046,0.524,0.07,0.059,0.008,0.158,0.0,0.0,0.0,0.0,0.0,,2025-10-08,true,2026-02-24,2026-02-24T04:05:22.929256+00:00
k-exaone,K-EXAONE (Reasoning),LG AI Research,,false,Reasoning,32.1,27.0,0.783,0.131,0.647,0.557,0.356,0.227,0.743,0.0,0.0,0.0,0.0,0.0,,2025-12-31,true,2026-02-24,2026-02-24T04:05:22.929256+00:00
k-exaone-non-reasoning,K-EXAONE (Non-reasoning),LG AI Research,,false,Non Reasoning,23.0,13.5,0.695,0.054,0.396,0.47,0.27,0.068,0.591,0.0,0.0,0.0,0.0,0.0,,2025-12-31,true,2026-02-24,2026-02-24T04:05:22.929256+00:00
k2-think-v2,K2 Think V2,MBZUAI Institute of Foundation Models,,false,Reasoning,24.5,15.5,0.713,0.095,0.628,0.527,0.33,0.068,0.254,0.0,0.0,0.0,0.0,0.0,,2025-12-15,true,2026-02-24,2026-02-24T04:05:22.929256+00:00
k2-v2,K2-V2 (high),MBZUAI Institute of Foundation Models,,false,unknown,20.7,16.1,0.681,0.098,0.601,0.333,0.286,0.098,0.278,0.0,0.0,0.0,0.0,0.0,,2025-12-05,true,2026-02-24,2026-02-24T04:05:22.929256+00:00
k2-v2-low,K2-V2 (low),MBZUAI Institute of Foundation Models,,false,unknown,14.4,10.5,0.541,0.039,0.41,0.19,0.223,0.045,0.208,0.0,0.0,0.0,0.0,0.0,,2025-12-05,true,2026-02-24,2026-02-24T04:05:22.929256+00:00
k2-v2-medium,K2-V2 (medium),MBZUAI Institute of Foundation Models,,false,unknown,18.7,14.0,0.598,0.044,0.551,0.28,0.252,0.083,0.249,0.0,0.0,0.0,0.0,0.0,,2025-12-05,true,2026-02-24,2026-02-24T04:05:22.929256+00:00
kat-coder-pro-v1,KAT-Coder-Pro V1,KwaiKAT,,false,unknown,36.1,18.3,0.764,0.334,0.684,0.74,0.366,0.091,0.886,2.109,58.409,0.3,1.2,0.525,256000.0,2025-11-11,true,2026-02-24,2026-02-24T04:05:22.929256+00:00
kimi-k2,Kimi K2,Kimi,月之暗面Kimi,true,unknown,26.2,22.1,0.766,0.07,0.415,0.51,0.345,0.159,0.611,0.594,39.671,0.6,2.5,1.075,131072.0,2025-07-11,true,2026-02-24,2026-02-24T04:05:22.929256+00:00
kimi-k2-0905,Kimi K2 0905,Kimi,月之暗面Kimi,true,unknown,30.8,25.9,0.767,0.063,0.417,0.523,0.307,0.235,0.734,0.509,62.369,0.99,2.5,1.2,131072.0,2025-09-05,true,2026-02-24,2026-02-24T04:05:22.929256+00:00
kimi-k2-5,Kimi K2.5 (Reasoning),Kimi,月之暗面Kimi,true,Reasoning,46.7,39.5,0.879,0.294,0.702,0.653,0.49,0.348,0.959,1.228,44.337,0.6,3.0,1.2,262144.0,2026-01-27,true,2026-02-24,2026-02-24T04:05:22.929256+00:00
kimi-k2-5-non-reasoning,Kimi K2.5 (Non-reasoning),Kimi,月之暗面Kimi,true,Non Reasoning,37.2,25.8,0.789,0.123,0.437,0.59,0.396,0.189,0.813,1.291,36.205,0.6,3.0,1.2,262144.0,2026-01-27,true,2026-02-24,2026-02-24T04:05:22.929256+00:00
kimi-k2-thinking,Kimi K2 Thinking,Kimi,月之暗面Kimi,true,Reasoning,40.7,34.8,0.838,0.223,0.681,0.663,0.424,0.311,0.93,0.633,76.72,0.6,2.5,1.075,131072.0,2025-11-06,true,2026-02-24,2026-02-24T04:05:22.929256+00:00
kimi-linear-48b-a3b-instruct,Kimi Linear 48B A3B Instruct,Kimi,月之暗面Kimi,true,unknown,14.4,14.2,0.412,0.027,0.281,0.257,0.199,0.114,0.0,0.0,0.0,0.0,0.0,0.0,,2025-10-30,true,2026-02-24,2026-02-24T04:05:22.929256+00:00
lfm-40b,LFM 40B,Liquid AI,,false,unknown,8.8,,0.327,0.049,,,0.071,,,0.0,0.0,0.0,0.0,0.0,,2024-09-30,true,2026-02-24,2026-02-24T04:05:22.929256+00:00
lfm2-1-2b,LFM2 1.2B,Liquid AI,,false,unknown,6.4,0.8,0.228,0.057,0.22,0.0,0.025,0.0,0.126,0.0,0.0,0.0,0.0,0.0,,2025-07-10,true,2026-02-24,2026-02-24T04:05:22.929256+00:00
lfm2-2-6b,LFM2 2.6B,Liquid AI,,false,unknown,7.9,1.4,0.306,0.052,0.195,0.0,0.025,0.008,0.135,0.0,0.0,0.0,0.0,0.0,32768.0,2025-09-23,true,2026-02-24,2026-02-24T04:05:22.929256+00:00
lfm2-5-1-2b-instruct,LFM2.5-1.2B-Instruct,Liquid AI,,false,unknown,8.0,0.8,0.326,0.068,0.438,0.0,0.023,0.0,0.108,0.0,0.0,0.0,0.0,0.0,32768.0,2026-01-05,true,2026-02-24,2026-02-24T04:05:22.929256+00:00
lfm2-5-1-2b-thinking,LFM2.5-1.2B-Thinking,Liquid AI,,false,Reasoning,8.1,1.4,0.339,0.061,0.418,0.0,0.042,0.0,0.196,0.0,0.0,0.0,0.0,0.0,32768.0,2026-01-20,true,2026-02-24,2026-02-24T04:05:22.929256+00:00
lfm2-5-vl-1-6b,LFM2.5-VL-1.6B,Liquid AI,,false,unknown,6.1,1.0,0.289,0.051,0.331,0.0,0.03,0.0,0.085,0.0,0.0,0.0,0.0,0.0,,2026-01-05,true,2026-02-24,2026-02-24T04:05:22.929256+00:00
lfm2-8b-a1b,LFM2 8B A1B,Liquid AI,,false,unknown,6.8,2.3,0.344,0.049,0.263,0.0,0.068,0.0,0.105,0.0,0.0,0.0,0.0,0.0,32768.0,2025-10-07,true,2026-02-24,2026-02-24T04:05:22.929256+00:00
ling-1t,Ling-1T,InclusionAI,,false,unknown,19.0,18.8,0.719,0.072,0.348,0.347,0.352,0.106,0.327,0.0,0.0,0.0,0.0,0.0,,2025-10-08,true,2026-02-24,2026-02-24T04:05:22.929256+00:00
ling-flash-2-0,Ling-flash-2.0,InclusionAI,,false,unknown,15.5,16.7,0.657,0.063,0.344,0.15,0.289,0.106,0.208,1.445,57.419,0.14,0.57,0.247,,2025-09-17,true,2026-02-24,2026-02-24T04:05:22.929256+00:00
ling-mini-2-0,Ling-mini-2.0,InclusionAI,,false,unknown,8.9,5.0,0.562,0.05,0.236,0.067,0.135,0.008,0.132,1.406,148.829,0.07,0.28,0.122,,2025-09-09,true,2026-02-24,2026-02-24T04:05:22.929256+00:00
llama-2-chat-13b,Llama 2 Chat 13B,Meta,,false,unknown,5.0,,0.321,0.047,,,0.118,,,0.0,0.0,0.0,0.0,0.0,,2023-07-18,true,2026-02-24,2026-02-24T04:05:22.929256+00:00
llama-2-chat-70b,Llama 2 Chat 70B,Meta,,false,unknown,7.0,,0.327,0.05,,,,,,0.0,0.0,0.0,0.0,0.0,,2023-07-18,true,2026-02-24,2026-02-24T04:05:22.929256+00:00
llama-2-chat-7b,Llama 2 Chat 7B,Meta,,false,unknown,4.0,,0.227,0.058,,,0.0,,,0.581,109.006,0.05,0.25,0.1,,2023-07-18,true,2026-02-24,2026-02-24T04:05:22.929256+00:00
llama-3-1-instruct-405b,Llama 3.1 Instruct 405B,Meta,,false,unknown,14.2,14.5,0.515,0.042,0.39,0.243,0.299,0.068,0.19,0.706,25.182,4.0,9.5,4.375,,2024-07-23,true,2026-02-24,2026-02-24T04:05:22.929256+00:00
llama-3-1-instruct-70b,Llama 3.1 Instruct 70B,Meta,,false,unknown,12.2,10.9,0.409,0.046,0.344,0.063,0.267,0.03,0.152,0.491,68.432,0.56,0.56,0.56,,2024-07-23,true,2026-02-24,2026-02-24T04:05:22.929256+00:00
llama-3-1-instruct-8b,Llama 3.1 Instruct 8B,Meta,,false,unknown,11.7,4.9,0.259,0.051,0.286,0.157,0.132,0.008,0.164,0.388,181.353,0.1,0.1,0.1,,2024-07-23,true,2026-02-24,2026-02-24T04:05:22.929256+00:00
llama-3-1-nemotron-instruct-70b,Llama 3.1 Nemotron Instruct 70B,NVIDIA,,false,unknown,13.4,10.8,0.465,0.046,0.307,0.07,0.233,0.045,0.231,0.381,30.446,1.2,1.2,1.2,,2024-10-15,true,2026-02-24,2026-02-24T04:05:22.929256+00:00
llama-3-1-nemotron-nano-4b-reasoning,Llama 3.1 Nemotron Nano 4B v1.1 (Reasoning),NVIDIA,,false,Reasoning,14.4,,0.408,0.051,0.255,0.0,0.101,,0.117,0.0,0.0,0.0,0.0,0.0,,2025-05-20,true,2026-02-24,2026-02-24T04:05:22.929256+00:00
llama-3-1-nemotron-ultra-253b-v1-reasoning,Llama 3.1 Nemotron Ultra 253B v1 (Reasoning),NVIDIA,,false,Reasoning,15.0,13.1,0.728,0.081,0.382,0.073,0.347,0.023,0.114,1.492,25.46,0.6,1.8,0.9,131072.0,2025-04-07,true,2026-02-24,2026-02-24T04:05:22.929256+00:00
llama-3-2-instruct-11b-vision,Llama 3.2 Instruct 11B (Vision),Meta,,false,unknown,8.8,4.3,0.221,0.052,0.304,0.117,0.112,0.008,0.146,0.467,67.375,0.16,0.16,0.16,,2024-09-25,true,2026-02-24,2026-02-24T04:05:22.929256+00:00
llama-3-2-instruct-1b,Llama 3.2 Instruct 1B,Meta,,false,unknown,6.3,0.6,0.196,0.053,0.228,0.05,0.017,0.0,0.0,0.654,194.951,0.1,0.1,0.1,,2024-09-25,true,2026-02-24,2026-02-24T04:05:22.929256+00:00
llama-3-2-instruct-3b,Llama 3.2 Instruct 3B,Meta,,false,unknown,9.7,,0.255,0.052,0.262,0.02,0.052,,0.211,0.522,62.634,0.08,0.08,0.08,,2024-09-25,true,2026-02-24,2026-02-24T04:05:22.929256+00:00
llama-3-2-instruct-90b-vision,Llama 3.2 Instruct 90B (Vision),Meta,,false,unknown,11.9,,0.432,0.049,,,0.24,,,0.414,37.736,0.72,0.72,0.72,,2024-09-25,true,2026-02-24,2026-02-24T04:05:22.929256+00:00
llama-3-3-instruct-70b,Llama 3.3 Instruct 70B,Meta,,false,unknown,14.2,10.7,0.498,0.04,0.471,0.15,0.26,0.03,0.266,0.51,79.705,0.585,0.715,0.675,,2024-12-06,true,2026-02-24,2026-02-24T04:05:22.929256+00:00
llama-3-3-nemotron-super-49b,Llama 3.3 Nemotron Super 49B v1 (Non-reasoning),NVIDIA,,false,Non Reasoning,14.3,7.6,0.517,0.035,0.395,0.113,0.229,0.0,,0.0,0.0,0.0,0.0,0.0,,2025-03-18,true,2026-02-24,2026-02-24T04:05:22.929256+00:00
llama-3-3-nemotron-super-49b-reasoning,Llama 3.3 Nemotron Super 49B v1 (Reasoning),NVIDIA,,false,Reasoning,18.5,9.4,0.643,0.065,0.381,0.17,0.282,0.0,,0.0,0.0,0.0,0.0,0.0,,2025-03-18,true,2026-02-24,2026-02-24T04:05:22.929256+00:00
llama-3-instruct-70b,Llama 3 Instruct 70B,Meta,,false,unknown,8.8,6.8,0.379,0.044,0.371,0.0,0.189,0.008,0.0,0.454,38.445,0.58,1.745,0.871,,2024-04-18,true,2026-02-24,2026-02-24T04:05:22.929256+00:00
llama-3-instruct-8b,Llama 3 Instruct 8B,Meta,,false,unknown,6.3,4.0,0.296,0.051,0.246,0.0,0.119,0.0,0.0,0.384,68.299,0.045,0.145,0.07,,2024-04-18,true,2026-02-24,2026-02-24T04:05:22.929256+00:00
llama-4-maverick,Llama 4 Maverick,Meta,,false,unknown,18.3,15.6,0.671,0.048,0.43,0.46,0.331,0.068,0.178,0.504,120.099,0.31,0.85,0.461,1048576.0,2025-04-05,true,2026-02-24,2026-02-24T04:05:22.929256+00:00
llama-4-scout,Llama 4 Scout,Meta,,false,unknown,13.5,6.7,0.587,0.043,0.395,0.258,0.17,0.015,0.155,0.478,156.923,0.18,0.625,0.287,327680.0,2025-04-05,true,2026-02-24,2026-02-24T04:05:22.929256+00:00
llama-65b,Llama 65B,Meta,,false,unknown,4.0,,,,,,,,,0.0,0.0,0.0,0.0,0.0,,2023-02-24,true,2026-02-24,2026-02-24T04:05:22.929256+00:00
llama-nemotron-super-49b-v1-5,Llama Nemotron Super 49B v1.5 (Non-reasoning),NVIDIA,,false,Non Reasoning,14.5,10.5,0.481,0.043,0.329,0.22,0.238,0.038,0.251,0.226,67.893,0.1,0.4,0.175,,2025-07-25,true,2026-02-24,2026-02-24T04:05:22.929256+00:00
llama-nemotron-super-49b-v1-5-reasoning,Llama Nemotron Super 49B v1.5 (Reasoning),NVIDIA,,false,Reasoning,18.6,15.2,0.748,0.068,0.37,0.34,0.348,0.053,0.281,0.227,73.828,0.1,0.4,0.175,,2025-07-25,true,2026-02-24,2026-02-24T04:05:22.929256+00:00
magistral-medium,Magistral Medium 1,Mistral,,false,unknown,18.7,16.0,0.679,0.095,0.251,0.0,0.297,0.091,0.231,0.0,0.0,2.0,5.0,2.75,,2025-06-10,true,2026-02-24,2026-02-24T04:05:22.929256+00:00
magistral-medium-2509,Magistral Medium 1.2,Mistral,,false,unknown,27.0,21.7,0.739,0.096,0.43,0.513,0.392,0.129,0.52,0.508,28.74,2.0,5.0,2.75,,2025-09-18,true,2026-02-24,2026-02-24T04:05:22.929256+00:00
magistral-small,Magistral Small 1,Mistral,,false,unknown,16.8,11.1,0.641,0.072,0.248,0.0,0.241,0.045,0.266,0.0,0.0,0.0,0.0,0.0,,2025-06-10,true,2026-02-24,2026-02-24T04:05:22.929256+00:00
magistral-small-2509,Magistral Small 1.2,Mistral,,false,unknown,18.1,14.8,0.663,0.061,0.444,0.163,0.352,0.045,0.278,0.324,211.469,0.5,1.5,0.75,,2025-09-17,true,2026-02-24,2026-02-24T04:05:22.929256+00:00
mi-dm-k-2-5-pro-dec28,Mi:dm K 2.5 Pro,Korea Telecom,,false,unknown,23.0,12.6,0.701,0.077,0.493,0.09,0.332,0.023,0.865,0.0,0.0,0.0,0.0,0.0,,2025-12-11,true,2026-02-24,2026-02-24T04:05:22.929256+00:00
midm-250-pro-rsnsft,Mi:dm K 2.5 Pro Preview,Korea Telecom,,false,unknown,,11.9,0.722,0.088,0.456,0.11,0.297,0.03,0.494,0.0,0.0,0.0,0.0,0.0,,2025-12-11,true,2026-02-24,2026-02-24T04:05:22.929256+00:00
mimo-v2-0206,MiMo-V2-Flash (Feb 2026),Xiaomi,小米,true,unknown,41.4,33.5,0.835,0.2,0.718,0.643,0.383,0.311,0.933,1.216,166.607,0.1,0.3,0.15,262144.0,2025-12-16,true,2026-02-24,2026-02-24T04:05:22.929256+00:00
mimo-v2-flash,MiMo-V2-Flash (Non-reasoning),Xiaomi,小米,true,Non Reasoning,30.6,25.8,0.656,0.08,0.399,0.313,0.259,0.258,0.839,1.179,147.113,0.1,0.3,0.15,262144.0,2025-12-16,true,2026-02-24,2026-02-24T04:05:22.929256+00:00
mimo-v2-flash-reasoning,MiMo-V2-Flash (Reasoning),Xiaomi,小米,true,Reasoning,39.2,31.8,0.846,0.211,0.642,0.63,0.394,0.28,0.95,1.201,168.239,0.1,0.3,0.15,262144.0,2025-12-16,true,2026-02-24,2026-02-24T04:05:22.929256+00:00
minimax-m1-40k,MiniMax M1 40k,MiniMax,Minimax,true,unknown,20.9,14.1,0.682,0.075,0.412,0.517,0.378,0.023,0.316,0.0,0.0,0.0,0.0,0.0,,2025-06-17,true,2026-02-24,2026-02-24T04:05:22.929256+00:00
minimax-m1-80k,MiniMax M1 80k,MiniMax,Minimax,true,unknown,24.3,14.5,0.697,0.082,0.418,0.543,0.374,0.03,0.342,0.0,0.0,0.55,2.2,0.963,,2025-06-17,true,2026-02-24,2026-02-24T04:05:22.929256+00:00
minimax-m2,MiniMax-M2,MiniMax,Minimax,true,unknown,36.0,29.2,0.777,0.125,0.723,0.61,0.361,0.258,0.868,2.161,61.285,0.3,1.2,0.525,196608.0,2025-10-26,true,2026-02-24,2026-02-24T04:05:22.929256+00:00
minimax-m2-1,MiniMax-M2.1,MiniMax,Minimax,true,unknown,39.5,32.8,0.83,0.222,0.699,0.59,0.407,0.288,0.854,2.764,60.079,0.3,1.2,0.525,196608.0,2025-12-23,true,2026-02-24,2026-02-24T04:05:22.929256+00:00
minimax-m2-5,MiniMax-M2.5,MiniMax,Minimax,true,unknown,42.0,37.4,0.848,0.191,0.716,0.66,0.426,0.348,0.953,2.571,53.851,0.3,1.2,0.525,196608.0,2026-02-12,true,2026-02-24,2026-02-24T04:05:22.929256+00:00
ministral-3-14b,Ministral 3 14B,Mistral,,false,unknown,16.0,10.9,0.572,0.046,0.32,0.22,0.236,0.045,0.272,0.293,124.15,0.2,0.2,0.2,262144.0,2025-12-02,true,2026-02-24,2026-02-24T04:05:22.929256+00:00
ministral-3-3b,Ministral 3 3B,Mistral,,false,unknown,11.2,4.8,0.358,0.053,0.268,0.117,0.144,0.0,0.249,0.264,295.929,0.1,0.1,0.1,131072.0,2025-12-02,true,2026-02-24,2026-02-24T04:05:22.929256+00:00
ministral-3-8b,Ministral 3 8B,Mistral,,false,unknown,14.6,10.0,0.471,0.043,0.291,0.24,0.208,0.045,0.266,0.279,180.662,0.15,0.15,0.15,262144.0,2025-12-02,true,2026-02-24,2026-02-24T04:05:22.929256+00:00
mistral-7b-instruct,Mistral 7B Instruct,Mistral,,false,unknown,7.4,,0.177,0.043,0.199,0.0,0.024,,0.0,0.286,167.035,0.25,0.25,0.25,32768.0,2023-09-27,true,2026-02-24,2026-02-24T04:05:22.929256+00:00
mistral-8x22b-instruct,Mixtral 8x22B Instruct,Mistral,,false,unknown,9.8,,0.332,0.041,,,0.188,,,0.0,0.0,0.0,0.0,0.0,65536.0,2024-04-17,true,2026-02-24,2026-02-24T04:05:22.929256+00:00
mistral-large,Mistral Large (Feb '24),Mistral,,false,unknown,9.9,,0.351,0.034,,,0.208,,,0.0,0.0,4.0,12.0,6.0,131072.0,2024-02-26,true,2026-02-24,2026-02-24T04:05:22.929256+00:00
mistral-large-2,Mistral Large 2 (Nov '24),Mistral,,false,unknown,15.1,13.8,0.486,0.04,0.312,0.053,0.292,0.061,0.307,0.481,40.443,2.0,6.0,3.0,,2024-11-18,true,2026-02-24,2026-02-24T04:05:22.929256+00:00
mistral-large-2407,Mistral Large 2 (Jul '24),Mistral,,false,unknown,13.0,,0.472,0.032,0.316,0.017,0.271,,0.33,0.0,0.0,2.0,6.0,3.0,131072.0,2024-07-24,true,2026-02-24,2026-02-24T04:05:22.929256+00:00
mistral-large-3,Mistral Large 3,Mistral,,false,unknown,22.7,22.7,0.68,0.041,0.362,0.347,0.362,0.159,0.246,0.495,56.088,0.5,1.5,0.75,262144.0,2025-12-02,true,2026-02-24,2026-02-24T04:05:22.929256+00:00
mistral-medium,Mistral Medium,Mistral,,false,unknown,9.0,,0.349,0.034,,,0.118,,,0.372,97.059,2.75,8.1,4.088,,2023-12-11,true,2026-02-24,2026-02-24T04:05:22.929256+00:00
mistral-medium-3,Mistral Medium 3,Mistral,,false,unknown,18.7,13.6,0.578,0.043,0.393,0.28,0.331,0.038,0.243,0.386,79.258,0.4,2.0,0.8,131072.0,2025-05-07,true,2026-02-24,2026-02-24T04:05:22.929256+00:00
mistral-medium-3-1,Mistral Medium 3.1,Mistral,,false,unknown,21.1,18.3,0.588,0.044,0.398,0.197,0.338,0.106,0.406,0.375,103.896,0.4,2.0,0.8,131072.0,2025-08-12,true,2026-02-24,2026-02-24T04:05:22.929256+00:00
mistral-saba,Mistral Saba,Mistral,,false,unknown,12.1,,0.424,0.041,,,0.241,,,0.0,0.0,0.0,0.0,0.0,32768.0,2025-02-17,true,2026-02-24,2026-02-24T04:05:22.929256+00:00
mistral-small,Mistral Small (Sep '24),Mistral,,false,unknown,10.2,,0.381,0.043,,,0.156,,,0.287,108.761,0.2,0.6,0.3,,2024-09-17,true,2026-02-24,2026-02-24T04:05:22.929256+00:00
mistral-small-2402,Mistral Small (Feb '24),Mistral,,false,unknown,9.0,,0.302,0.044,,,0.134,,,0.3,112.535,1.0,3.0,1.5,,2024-02-26,true,2026-02-24,2026-02-24T04:05:22.929256+00:00
mistral-small-3,Mistral Small 3,Mistral,,false,unknown,12.7,,0.462,0.041,0.264,0.0,0.236,,0.196,0.352,231.369,0.1,0.3,0.15,32768.0,2025-01-30,true,2026-02-24,2026-02-24T04:05:22.929256+00:00
mistral-small-3-1,Mistral Small 3.1,Mistral,,false,unknown,14.4,13.9,0.454,0.048,0.299,0.197,0.265,0.076,0.251,0.283,126.096,0.1,0.3,0.15,,2025-03-17,true,2026-02-24,2026-02-24T04:05:22.929256+00:00
mistral-small-3-2,Mistral Small 3.2,Mistral,,false,unknown,15.0,13.3,0.505,0.043,0.335,0.173,0.264,0.068,0.295,0.305,118.265,0.1,0.3,0.15,,2025-06-20,true,2026-02-24,2026-02-24T04:05:22.929256+00:00
mixtral-8x7b-instruct,Mixtral 8x7B Instruct,Mistral,,false,unknown,7.7,,0.292,0.045,,,0.028,,,0.0,0.0,0.54,0.6,0.54,32768.0,2023-12-11,true,2026-02-24,2026-02-24T04:05:22.929256+00:00
molmo-7b-d,Molmo 7B-D,Allen Institute for AI,,false,unknown,9.2,1.2,0.24,0.051,0.197,0.0,0.036,0.0,0.0,0.0,0.0,0.0,0.0,0.0,,2024-09-25,true,2026-02-24,2026-02-24T04:05:22.929256+00:00
molmo2-8b,Molmo2-8B,Allen Institute for AI,,false,unknown,,4.4,0.425,0.044,0.269,0.0,0.133,0.0,0.0,0.47,114.163,0.0,0.0,0.0,36864.0,2025-12-11,true,2026-02-24,2026-02-24T04:05:22.929256+00:00
motif-2-12-7b,Motif-2-12.7B-Reasoning,Motif Technologies,,false,Reasoning,19.1,11.9,0.695,0.082,0.57,0.13,0.282,0.038,0.465,0.0,0.0,0.0,0.0,0.0,,2025-12-04,true,2026-02-24,2026-02-24T04:05:22.929256+00:00
nova-2-0-lite,Nova 2.0 Lite (Non-reasoning),Amazon,,false,Non Reasoning,17.9,12.5,0.603,0.03,0.405,0.177,0.24,0.068,0.62,0.519,201.395,0.3,2.5,0.85,,2025-10-29,true,2026-02-24,2026-02-24T04:05:22.929256+00:00
nova-2-0-lite-reasoning-low,Nova 2.0 Lite (low),Amazon,,false,unknown,24.2,13.6,0.698,0.042,0.612,0.52,0.333,0.038,0.719,5.409,219.403,0.3,2.5,0.85,,2025-10-29,true,2026-02-24,2026-02-24T04:05:22.929256+00:00
nova-2-0-lite-reasoning-medium,Nova 2.0 Lite (medium),Amazon,,false,unknown,29.6,23.9,0.768,0.086,0.685,0.583,0.368,0.174,0.757,17.221,243.207,0.3,2.5,0.85,,2025-10-29,true,2026-02-24,2026-02-24T04:05:22.929256+00:00
nova-2-0-omni,Nova 2.0 Omni (Non-reasoning),Amazon,,false,Non Reasoning,16.6,13.8,0.555,0.039,0.411,0.223,0.279,0.068,0.447,0.691,209.396,0.3,2.5,0.85,,2025-11-26,true,2026-02-24,2026-02-24T04:05:22.929256+00:00
nova-2-0-omni-reasoning-low,Nova 2.0 Omni (low),Amazon,,false,unknown,23.2,13.9,0.699,0.04,0.618,0.51,0.343,0.038,0.678,0.0,0.0,0.3,2.5,0.85,,2025-11-26,true,2026-02-24,2026-02-24T04:05:22.929256+00:00
nova-2-0-omni-reasoning-medium,Nova 2.0 Omni (medium),Amazon,,false,unknown,27.9,15.1,0.76,0.068,0.662,0.537,0.362,0.045,0.804,0.0,0.0,0.3,2.5,0.85,,2025-11-26,true,2026-02-24,2026-02-24T04:05:22.929256+00:00
nova-2-0-pro,Nova 2.0 Pro Preview (Non-reasoning),Amazon,,false,Non Reasoning,22.9,20.5,0.636,0.04,0.52,0.283,0.281,0.167,0.716,0.511,158.987,1.25,10.0,3.438,,2025-11-27,true,2026-02-24,2026-02-24T04:05:22.929256+00:00
nova-2-0-pro-reasoning-low,Nova 2.0 Pro Preview (low),Amazon,,false,unknown,31.9,24.5,0.751,0.052,0.796,0.617,0.387,0.174,0.906,12.222,132.929,1.25,10.0,3.438,,2025-11-27,true,2026-02-24,2026-02-24T04:05:22.929256+00:00
nova-2-0-pro-reasoning-medium,Nova 2.0 Pro Preview (medium),Amazon,,false,unknown,35.6,30.4,0.785,0.089,0.79,0.543,0.427,0.242,0.927,20.2,130.734,1.25,10.0,3.438,,2025-11-27,true,2026-02-24,2026-02-24T04:05:22.929256+00:00
nova-lite,Nova Lite,Amazon,,false,unknown,12.4,5.1,0.433,0.046,0.341,0.177,0.139,0.008,0.175,0.38,234.85,0.06,0.24,0.105,,2024-12-03,true,2026-02-24,2026-02-24T04:05:22.929256+00:00
nova-micro,Nova Micro,Amazon,,false,unknown,10.3,4.1,0.358,0.047,0.294,0.097,0.094,0.015,0.14,0.361,412.826,0.035,0.14,0.061,,2024-12-03,true,2026-02-24,2026-02-24T04:05:22.929256+00:00
nova-premier,Nova Premier,Amazon,,false,unknown,18.9,13.8,0.569,0.047,0.362,0.3,0.279,0.068,0.383,0.802,78.24,2.5,12.5,5.0,,2025-04-30,true,2026-02-24,2026-02-24T04:05:22.929256+00:00
nova-pro,Nova Pro,Amazon,,false,unknown,13.5,11.0,0.499,0.034,0.381,0.19,0.208,0.061,0.14,0.0,0.0,0.8,3.2,1.4,,2024-12-03,true,2026-02-24,2026-02-24T04:05:22.929256+00:00
nvidia-nemotron-3-nano-30b-a3b,NVIDIA Nemotron 3 Nano 30B A3B (Non-reasoning),NVIDIA,,false,Non Reasoning,13.3,15.8,0.399,0.046,0.375,0.067,0.23,0.121,0.254,0.263,125.248,0.055,0.22,0.096,262144.0,2025-12-15,true,2026-02-24,2026-02-24T04:05:22.929256+00:00
nvidia-nemotron-3-nano-30b-a3b-reasoning,NVIDIA Nemotron 3 Nano 30B A3B (Reasoning),NVIDIA,,false,Reasoning,24.3,19.0,0.757,0.102,0.711,0.337,0.296,0.136,0.409,0.225,125.956,0.06,0.24,0.105,262144.0,2025-12-15,true,2026-02-24,2026-02-24T04:05:22.929256+00:00
nvidia-nemotron-nano-12b-v2-vl,NVIDIA Nemotron Nano 12B v2 VL (Non-reasoning),NVIDIA,,false,Non Reasoning,10.1,5.9,0.439,0.045,0.259,0.17,0.176,0.0,0.193,0.393,166.025,0.2,0.6,0.3,,2025-10-28,true,2026-02-24,2026-02-24T04:05:22.929256+00:00
nvidia-nemotron-nano-12b-v2-vl-reasoning,NVIDIA Nemotron Nano 12B v2 VL (Reasoning),NVIDIA,,false,Reasoning,14.8,11.8,0.572,0.053,0.319,0.4,0.262,0.045,0.213,0.228,131.578,0.2,0.6,0.3,,2025-10-28,true,2026-02-24,2026-02-24T04:05:22.929256+00:00
nvidia-nemotron-nano-9b-v2,NVIDIA Nemotron Nano 9B V2 (Non-reasoning),NVIDIA,,false,Non Reasoning,13.1,7.5,0.557,0.04,0.271,0.227,0.209,0.008,0.234,0.56,117.655,0.06,0.23,0.102,131072.0,2025-08-18,true,2026-02-24,2026-02-24T04:05:22.929256+00:00
nvidia-nemotron-nano-9b-v2-reasoning,NVIDIA Nemotron Nano 9B V2 (Reasoning),NVIDIA,,false,Reasoning,14.8,8.3,0.57,0.046,0.276,0.21,0.22,0.015,0.219,0.433,113.354,0.04,0.16,0.07,131072.0,2025-08-18,true,2026-02-24,2026-02-24T04:05:22.929256+00:00
o1,o1,OpenAI,,false,unknown,30.7,20.5,0.747,0.077,0.703,0.593,0.358,0.129,0.626,18.301,180.326,15.0,60.0,26.25,200000.0,2024-12-05,true,2026-02-24,2026-02-24T04:05:22.929256+00:00
o1-mini,o1-mini,OpenAI,,false,unknown,20.4,,0.603,0.049,,,0.323,,,0.0,0.0,0.0,0.0,0.0,,2024-09-12,true,2026-02-24,2026-02-24T04:05:22.929256+00:00
o1-preview,o1-preview,OpenAI,,false,unknown,23.7,34.0,,,,,,,,0.0,0.0,16.5,66.0,28.875,200000.0,2024-09-12,true,2026-02-24,2026-02-24T04:05:22.929256+00:00
o1-pro,o1-pro,OpenAI,,false,unknown,25.8,,,,,,,,,0.0,0.0,150.0,600.0,262.5,200000.0,2025-03-19,true,2026-02-24,2026-02-24T04:05:22.929256+00:00
o3,o3,OpenAI,,false,unknown,38.3,38.4,0.827,0.2,0.714,0.693,0.41,0.371,0.807,13.943,139.572,2.0,8.0,3.5,200000.0,2025-04-16,true,2026-02-24,2026-02-24T04:05:22.929256+00:00
o3-mini,o3-mini,OpenAI,,false,unknown,25.9,17.9,0.748,0.087,,,0.399,0.068,0.287,13.717,157.923,1.1,4.4,1.925,200000.0,2025-01-31,true,2026-02-24,2026-02-24T04:05:22.929256+00:00
o3-mini-high,o3-mini (high),OpenAI,,false,unknown,25.1,17.3,0.773,0.123,0.671,0.393,0.398,0.061,0.313,51.212,161.174,1.1,4.4,1.925,200000.0,2025-01-31,true,2026-02-24,2026-02-24T04:05:22.929256+00:00
o3-pro,o3-pro,OpenAI,,false,unknown,40.7,,0.845,,,,,,,78.398,41.599,20.0,80.0,35.0,200000.0,2025-06-10,true,2026-02-24,2026-02-24T04:05:22.929256+00:00
o4-mini,o4-mini (high),OpenAI,,false,unknown,33.0,25.6,0.784,0.175,0.687,0.55,0.465,0.152,0.556,54.992,135.492,1.1,4.4,1.925,200000.0,2025-04-16,true,2026-02-24,2026-02-24T04:05:22.929256+00:00
olmo-2-32b,OLMo 2 32B,Allen Institute for AI,,false,unknown,10.6,2.7,0.328,0.037,0.381,0.0,0.08,0.0,0.0,0.0,0.0,0.0,0.0,0.0,128000.0,2025-03-13,true,2026-02-24,2026-02-24T04:05:22.929256+00:00
olmo-2-7b,OLMo 2 7B,Allen Institute for AI,,false,unknown,9.3,1.2,0.288,0.055,0.244,0.0,0.037,0.0,0.0,0.0,0.0,0.0,0.0,0.0,,2024-11-26,true,2026-02-24,2026-02-24T04:05:22.929256+00:00
olmo-3-1-32b-instruct,Olmo 3.1 32B Instruct,Allen Institute for AI,,false,unknown,12.0,5.6,0.539,0.049,0.392,0.0,0.167,0.0,0.213,0.239,42.979,0.2,0.6,0.3,65536.0,2026-01-13,true,2026-02-24,2026-02-24T04:05:22.929256+00:00
olmo-3-1-32b-think,Olmo 3.1 32B Think,Allen Institute for AI,,false,Reasoning,14.2,9.8,0.591,0.06,0.66,0.0,0.293,0.0,0.0,0.667,60.656,0.0,0.0,0.0,65536.0,2025-12-12,true,2026-02-24,2026-02-24T04:05:22.929256+00:00
olmo-3-32b-think,Olmo 3 32B Think,Allen Institute for AI,,false,Reasoning,12.0,10.5,0.61,0.059,0.491,0.0,0.286,0.015,0.0,0.0,0.0,0.0,0.0,0.0,65536.0,2025-11-20,true,2026-02-24,2026-02-24T04:05:22.929256+00:00
olmo-3-7b-instruct,Olmo 3 7B Instruct,Allen Institute for AI,,false,unknown,8.1,3.4,0.4,0.058,0.328,0.0,0.103,0.0,0.126,0.48,37.573,0.1,0.2,0.125,65536.0,2025-11-20,true,2026-02-24,2026-02-24T04:05:22.929256+00:00
olmo-3-7b-think,Olmo 3 7B Think,Allen Institute for AI,,false,Reasoning,9.5,7.6,0.516,0.057,0.415,0.0,0.212,0.008,0.0,0.603,171.327,0.12,0.2,0.14,65536.0,2025-11-20,true,2026-02-24,2026-02-24T04:05:22.929256+00:00
openchat-35,OpenChat 3.5 (1210),OpenChat,,false,unknown,8.3,,0.23,0.048,,,,,,0.0,0.0,0.0,0.0,0.0,,2023-12-18,true,2026-02-24,2026-02-24T04:05:22.929256+00:00
palm-2,PALM-2,Google,,false,unknown,8.6,4.6,,,,,,,,0.0,0.0,0.0,0.0,0.0,,2023-05-10,true,2026-02-24,2026-02-24T04:05:22.929256+00:00
phi-3-mini,Phi-3 Mini Instruct 3.8B,Microsoft Azure,,false,unknown,10.1,3.0,0.319,0.044,0.239,0.02,0.09,0.0,0.0,0.0,0.0,0.13,0.52,0.228,,2024-04-23,true,2026-02-24,2026-02-24T04:05:22.929256+00:00
phi-4,Phi-4,Microsoft Azure,,false,unknown,10.5,11.2,0.575,0.041,0.235,0.0,0.26,0.038,0.0,0.899,6.899,0.125,0.5,0.219,16384.0,2024-12-12,true,2026-02-24,2026-02-24T04:05:22.929256+00:00
phi-4-mini,Phi-4 Mini Instruct,Microsoft Azure,,false,unknown,10.9,3.6,0.331,0.042,0.211,0.137,0.108,0.0,0.082,0.317,44.007,0.0,0.0,0.0,,2024-02-26,true,2026-02-24,2026-02-24T04:05:22.929256+00:00
phi-4-multimodal,Phi-4 Multimodal Instruct,Microsoft Azure,,false,unknown,10.0,,0.315,0.044,,,0.11,,,0.331,17.048,0.0,0.0,0.0,,2025-02-26,true,2026-02-24,2026-02-24T04:05:22.929256+00:00
pixtral-large-2411,Pixtral Large,Mistral,,false,unknown,14.0,,0.505,0.036,0.345,0.103,0.292,,0.365,0.44,50.463,2.0,6.0,3.0,131072.0,2024-11-18,true,2026-02-24,2026-02-24T04:05:22.929256+00:00
qwen-2-5-max,Qwen2.5 Max,Alibaba,阿里巴巴,true,unknown,16.3,,0.587,0.045,,,0.337,,,1.06,40.74,1.6,6.4,2.8,,2025-01-28,true,2026-02-24,2026-02-24T04:05:22.929256+00:00
qwen-chat-14b,Qwen Chat 14B,Alibaba,阿里巴巴,true,unknown,7.4,,,,,,,,,0.0,0.0,0.0,0.0,0.0,,2023-09-25,true,2026-02-24,2026-02-24T04:05:22.929256+00:00
qwen-chat-72b,Qwen Chat 72B,Alibaba,阿里巴巴,true,unknown,8.8,,,,,,,,,0.0,0.0,0.0,0.0,0.0,,2023-11-30,true,2026-02-24,2026-02-24T04:05:22.929256+00:00
qwen-turbo,Qwen2.5 Turbo,Alibaba,阿里巴巴,true,unknown,12.0,,0.41,0.042,,,0.153,,,0.98,68.039,0.05,0.2,0.087,131072.0,2024-11-18,true,2026-02-24,2026-02-24T04:05:22.929256+00:00
qwen1.5-110b-chat,Qwen1.5 Chat 110B,Alibaba,阿里巴巴,true,unknown,9.5,,0.289,,,,,,,0.0,0.0,0.0,0.0,0.0,,2024-04-25,true,2026-02-24,2026-02-24T04:05:22.929256+00:00
qwen2-5-72b-instruct,Qwen2.5 Instruct 72B,Alibaba,阿里巴巴,true,unknown,15.6,11.9,0.491,0.042,0.369,0.203,0.267,0.045,0.345,1.011,45.511,0.0,0.0,0.0,,2024-09-19,true,2026-02-24,2026-02-24T04:05:22.929256+00:00
qwen2-5-coder-32b-instruct,Qwen2.5 Coder Instruct 32B,Alibaba,阿里巴巴,true,unknown,12.9,,0.417,0.038,,,0.271,,,0.485,44.995,0.13,0.175,0.141,,2024-11-11,true,2026-02-24,2026-02-24T04:05:22.929256+00:00
qwen2-5-coder-7b-instruct,Qwen2.5 Coder Instruct 7B ,Alibaba,阿里巴巴,true,unknown,10.0,,0.339,0.048,,,0.148,,,0.0,0.0,0.0,0.0,0.0,,2024-09-19,true,2026-02-24,2026-02-24T04:05:22.929256+00:00
qwen2-72b-instruct,Qwen2 Instruct 72B,Alibaba,阿里巴巴,true,unknown,11.7,,0.371,0.037,,,0.229,,,0.0,0.0,0.0,0.0,0.0,,2024-06-07,true,2026-02-24,2026-02-24T04:05:22.929256+00:00
qwen2.5-32b-instruct,Qwen2.5 Instruct 32B,Alibaba,阿里巴巴,true,unknown,13.2,,0.466,0.038,,,0.229,,,0.0,0.0,0.0,0.0,0.0,,2024-09-19,true,2026-02-24,2026-02-24T04:05:22.929256+00:00
qwen3-0.6b-instruct,Qwen3 0.6B (Non-reasoning),Alibaba,阿里巴巴,true,Non Reasoning,5.6,1.4,0.231,0.052,0.219,0.0,0.041,0.0,0.146,0.817,189.252,0.11,0.42,0.188,,2025-04-28,true,2026-02-24,2026-02-24T04:05:22.929256+00:00
qwen3-0.6b-instruct-reasoning,Qwen3 0.6B (Reasoning),Alibaba,阿里巴巴,true,Reasoning,6.4,0.9,0.239,0.057,0.233,0.0,0.028,0.0,0.211,0.893,200.623,0.11,1.26,0.398,,2025-04-28,true,2026-02-24,2026-02-24T04:05:22.929256+00:00
qwen3-1.7b-instruct,Qwen3 1.7B (Non-reasoning),Alibaba,阿里巴巴,true,Non Reasoning,6.8,2.3,0.283,0.052,0.211,0.0,0.069,0.0,0.216,0.916,113.796,0.11,0.42,0.188,,2025-04-28,true,2026-02-24,2026-02-24T04:05:22.929256+00:00
qwen3-1.7b-instruct-reasoning,Qwen3 1.7B (Reasoning),Alibaba,阿里巴巴,true,Reasoning,7.9,1.4,0.356,0.048,0.269,0.0,0.043,0.0,0.26,0.954,123.708,0.11,1.26,0.398,,2025-04-28,true,2026-02-24,2026-02-24T04:05:22.929256+00:00
qwen3-14b-instruct,Qwen3 14B (Non-reasoning),Alibaba,阿里巴巴,true,Non Reasoning,12.7,12.4,0.47,0.042,0.239,0.0,0.265,0.053,0.322,0.936,53.149,0.35,1.4,0.613,40960.0,2025-04-28,true,2026-02-24,2026-02-24T04:05:22.929256+00:00
qwen3-14b-instruct-reasoning,Qwen3 14B (Reasoning),Alibaba,阿里巴巴,true,Reasoning,16.2,13.1,0.604,0.043,0.405,0.0,0.316,0.038,0.345,0.994,57.87,0.35,4.2,1.313,40960.0,2025-04-28,true,2026-02-24,2026-02-24T04:05:22.929256+00:00
qwen3-235b-a22b-instruct,Qwen3 235B A22B (Non-reasoning),Alibaba,阿里巴巴,true,Non Reasoning,16.9,14.0,0.613,0.047,0.366,0.0,0.299,0.061,0.272,1.073,43.157,0.7,2.8,1.225,262144.0,2025-04-28,true,2026-02-24,2026-02-24T04:05:22.929256+00:00
qwen3-235b-a22b-instruct-2507,Qwen3 235B A22B 2507 Instruct,Alibaba,阿里巴巴,true,unknown,24.7,22.1,0.753,0.106,0.461,0.312,0.36,0.152,0.333,1.038,45.771,0.7,2.8,1.225,262144.0,2025-07-21,true,2026-02-24,2026-02-24T04:05:22.929256+00:00
qwen3-235b-a22b-instruct-2507-reasoning,Qwen3 235B A22B 2507 (Reasoning),Alibaba,阿里巴巴,true,Reasoning,29.5,23.2,0.79,0.15,0.512,0.67,0.424,0.136,0.532,1.295,40.443,0.7,8.4,2.625,262144.0,2025-07-25,true,2026-02-24,2026-02-24T04:05:22.929256+00:00
qwen3-235b-a22b-instruct-reasoning,Qwen3 235B A22B (Reasoning),Alibaba,阿里巴巴,true,Reasoning,19.8,17.4,0.7,0.117,0.387,0.0,0.399,0.061,0.24,1.148,51.764,0.7,8.4,2.625,262144.0,2025-04-28,true,2026-02-24,2026-02-24T04:05:22.929256+00:00
qwen3-30b-a3b-2507,Qwen3 30B A3B 2507 Instruct,Alibaba,阿里巴巴,true,unknown,15.0,14.2,0.659,0.068,0.331,0.227,0.304,0.061,0.102,0.996,69.409,0.2,0.8,0.35,262144.0,2025-07-29,true,2026-02-24,2026-02-24T04:05:22.929256+00:00
qwen3-30b-a3b-2507-reasoning,Qwen3 30B A3B 2507 (Reasoning),Alibaba,阿里巴巴,true,Reasoning,22.4,14.7,0.707,0.098,0.507,0.59,0.333,0.053,0.281,1.021,144.261,0.2,2.4,0.75,262144.0,2025-07-30,true,2026-02-24,2026-02-24T04:05:22.929256+00:00
qwen3-30b-a3b-instruct,Qwen3 30B A3B (Non-reasoning),Alibaba,阿里巴巴,true,Non Reasoning,12.4,13.3,0.515,0.046,0.319,0.0,0.264,0.068,0.222,0.988,63.123,0.2,0.8,0.35,262144.0,2025-04-28,true,2026-02-24,2026-02-24T04:05:22.929256+00:00
qwen3-30b-a3b-instruct-reasoning,Qwen3 30B A3B (Reasoning),Alibaba,阿里巴巴,true,Reasoning,15.3,11.0,0.616,0.066,0.415,0.0,0.285,0.023,0.26,0.953,70.656,0.2,2.4,0.75,262144.0,2025-04-28,true,2026-02-24,2026-02-24T04:05:22.929256+00:00
qwen3-32b-instruct,Qwen3 32B (Non-reasoning),Alibaba,阿里巴巴,true,Non Reasoning,14.5,,0.535,0.043,0.315,0.0,0.28,,,0.945,89.153,0.7,2.8,1.225,40960.0,2025-04-28,true,2026-02-24,2026-02-24T04:05:22.929256+00:00
qwen3-32b-instruct-reasoning,Qwen3 32B (Reasoning),Alibaba,阿里巴巴,true,Reasoning,16.5,13.8,0.668,0.083,0.363,0.0,0.354,0.03,0.298,1.018,92.921,0.7,8.4,2.625,40960.0,2025-04-28,true,2026-02-24,2026-02-24T04:05:22.929256+00:00
qwen3-4b-2507-instruct,Qwen3 4B 2507 Instruct,Alibaba,阿里巴巴,true,unknown,13.2,9.1,0.517,0.047,0.335,0.073,0.181,0.045,0.266,0.0,0.0,0.0,0.0,0.0,40960.0,2025-08-06,true,2026-02-24,2026-02-24T04:05:22.929256+00:00
qwen3-4b-2507-instruct-reasoning,Qwen3 4B 2507 (Reasoning),Alibaba,阿里巴巴,true,Reasoning,18.6,9.5,0.667,0.059,0.498,0.377,0.256,0.015,0.254,0.0,0.0,0.0,0.0,0.0,40960.0,2025-08-06,true,2026-02-24,2026-02-24T04:05:22.929256+00:00
qwen3-4b-instruct,Qwen3 4B (Non-reasoning),Alibaba,阿里巴巴,true,Non Reasoning,12.5,,0.398,0.037,,,0.167,,,0.0,0.0,0.11,0.42,0.188,40960.0,2025-04-28,true,2026-02-24,2026-02-24T04:05:22.929256+00:00
qwen3-4b-instruct-reasoning,Qwen3 4B (Reasoning),Alibaba,阿里巴巴,true,Reasoning,14.2,,0.522,0.051,0.325,0.0,0.035,,0.19,0.0,0.0,0.11,1.26,0.398,40960.0,2025-04-28,true,2026-02-24,2026-02-24T04:05:22.929256+00:00
qwen3-5-397b-a17b,Qwen3.5 397B A17B (Reasoning),Alibaba,阿里巴巴,true,Reasoning,45.0,41.3,0.893,0.273,0.788,0.657,0.42,0.409,0.956,1.317,62.882,0.6,3.6,1.35,262144.0,2026-02-16,true,2026-02-24,2026-02-24T04:05:22.929256+00:00
qwen3-5-397b-a17b-non-reasoning,Qwen3.5 397B A17B (Non-reasoning),Alibaba,阿里巴巴,true,Non Reasoning,39.9,37.4,0.861,0.188,0.516,0.58,0.411,0.356,0.839,1.331,80.771,0.6,3.6,1.35,262144.0,2026-02-16,true,2026-02-24,2026-02-24T04:05:22.929256+00:00
qwen3-8b-instruct,Qwen3 8B (Non-reasoning),Alibaba,阿里巴巴,true,Non Reasoning,10.6,7.1,0.452,0.028,0.286,0.0,0.168,0.023,0.249,0.917,77.703,0.18,0.7,0.31,32000.0,2025-04-28,true,2026-02-24,2026-02-24T04:05:22.929256+00:00
qwen3-8b-instruct-reasoning,Qwen3 8B (Reasoning),Alibaba,阿里巴巴,true,Reasoning,13.1,9.0,0.589,0.042,0.335,0.0,0.226,0.023,0.278,0.944,79.181,0.18,2.1,0.66,32000.0,2025-04-28,true,2026-02-24,2026-02-24T04:05:22.929256+00:00
qwen3-coder-30b-a3b-instruct,Qwen3 Coder 30B A3B Instruct,Alibaba,阿里巴巴,true,unknown,20.0,19.4,0.516,0.04,0.327,0.29,0.278,0.152,0.345,1.348,21.215,0.45,2.25,0.9,160000.0,2025-07-31,true,2026-02-24,2026-02-24T04:05:22.929256+00:00
qwen3-coder-480b-a35b-instruct,Qwen3 Coder 480B A35B Instruct,Alibaba,阿里巴巴,true,unknown,24.6,24.6,0.618,0.044,0.405,0.423,0.359,0.189,0.436,1.593,57.928,1.5,7.5,3.0,262000.0,2025-07-22,true,2026-02-24,2026-02-24T04:05:22.929256+00:00
qwen3-coder-next,Qwen3 Coder Next,Alibaba,阿里巴巴,true,unknown,28.1,22.9,0.737,0.093,0.352,0.4,0.323,0.182,0.795,0.769,116.727,0.2,1.2,0.525,262144.0,2026-02-03,true,2026-02-24,2026-02-24T04:05:22.929256+00:00
qwen3-max,Qwen3 Max,Alibaba,阿里巴巴,true,unknown,31.3,26.4,0.764,0.111,0.441,0.467,0.383,0.205,0.743,2.483,27.429,1.2,6.0,2.4,262144.0,2025-09-23,true,2026-02-24,2026-02-24T04:05:22.929256+00:00
qwen3-max-preview,Qwen3 Max (Preview),Alibaba,阿里巴巴,true,unknown,25.9,25.5,0.764,0.093,0.48,0.397,0.37,0.197,0.327,1.746,51.29,1.2,6.0,2.4,262144.0,2025-09-05,true,2026-02-24,2026-02-24T04:05:22.929256+00:00
qwen3-max-thinking,Qwen3 Max Thinking,Alibaba,阿里巴巴,true,Reasoning,39.7,30.5,0.861,0.262,0.707,0.66,0.431,0.242,0.836,1.679,35.691,1.2,6.0,2.4,262144.0,2026-01-26,true,2026-02-24,2026-02-24T04:05:22.929256+00:00
qwen3-max-thinking-preview,Qwen3 Max Thinking (Preview),Alibaba,阿里巴巴,true,Reasoning,32.5,24.5,0.776,0.12,0.538,0.577,0.387,0.174,0.836,1.652,59.286,1.2,6.0,2.4,262144.0,2025-11-03,true,2026-02-24,2026-02-24T04:05:22.929256+00:00
qwen3-next-80b-a3b-instruct,Qwen3 Next 80B A3B Instruct,Alibaba,阿里巴巴,true,unknown,20.1,15.3,0.738,0.073,0.397,0.513,0.307,0.076,0.216,1.104,139.542,0.5,2.0,0.875,262144.0,2025-09-11,true,2026-02-24,2026-02-24T04:05:22.929256+00:00
qwen3-next-80b-a3b-reasoning,Qwen3 Next 80B A3B (Reasoning),Alibaba,阿里巴巴,true,Reasoning,26.5,19.5,0.759,0.117,0.607,0.603,0.388,0.098,0.415,1.024,143.649,0.5,6.0,1.875,262144.0,2025-09-11,true,2026-02-24,2026-02-24T04:05:22.929256+00:00
qwen3-omni-30b-a3b-instruct,Qwen3 Omni 30B A3B Instruct,Alibaba,阿里巴巴,true,unknown,10.7,7.2,0.62,0.051,0.312,0.0,0.186,0.015,0.164,0.849,86.58,0.25,0.97,0.43,,2025-09-22,true,2026-02-24,2026-02-24T04:05:22.929256+00:00
qwen3-omni-30b-a3b-reasoning,Qwen3 Omni 30B A3B (Reasoning),Alibaba,阿里巴巴,true,Reasoning,15.6,12.7,0.726,0.073,0.434,0.0,0.306,0.038,0.213,0.986,93.965,0.25,0.97,0.43,,2025-09-22,true,2026-02-24,2026-02-24T04:05:22.929256+00:00
qwen3-vl-235b-a22b-instruct,Qwen3 VL 235B A22B Instruct,Alibaba,阿里巴巴,true,unknown,20.6,16.5,0.712,0.063,0.427,0.317,0.359,0.068,0.351,1.166,45.73,0.7,2.8,1.225,262144.0,2025-09-23,true,2026-02-24,2026-02-24T04:05:22.929256+00:00
qwen3-vl-235b-a22b-reasoning,Qwen3 VL 235B A22B (Reasoning),Alibaba,阿里巴巴,true,Reasoning,27.5,20.9,0.772,0.101,0.565,0.587,0.399,0.114,0.541,1.077,45.965,0.7,8.4,2.625,262144.0,2025-09-23,true,2026-02-24,2026-02-24T04:05:22.929256+00:00
qwen3-vl-30b-a3b-instruct,Qwen3 VL 30B A3B Instruct,Alibaba,阿里巴巴,true,unknown,16.0,14.3,0.695,0.064,0.331,0.237,0.308,0.061,0.19,0.92,106.414,0.2,0.8,0.35,131072.0,2025-10-03,true,2026-02-24,2026-02-24T04:05:22.929256+00:00
qwen3-vl-30b-a3b-reasoning,Qwen3 VL 30B A3B (Reasoning),Alibaba,阿里巴巴,true,Reasoning,19.6,13.1,0.72,0.087,0.451,0.407,0.288,0.053,0.199,0.922,87.041,0.2,2.4,0.75,131072.0,2025-10-03,true,2026-02-24,2026-02-24T04:05:22.929256+00:00
qwen3-vl-32b-instruct,Qwen3 VL 32B Instruct,Alibaba,阿里巴巴,true,unknown,17.2,15.6,0.671,0.063,0.392,0.313,0.301,0.083,0.292,0.963,66.308,0.7,2.8,1.225,131072.0,2025-10-21,true,2026-02-24,2026-02-24T04:05:22.929256+00:00
qwen3-vl-32b-reasoning,Qwen3 VL 32B (Reasoning),Alibaba,阿里巴巴,true,Reasoning,24.5,14.5,0.733,0.096,0.594,0.553,0.285,0.076,0.456,1.186,84.311,0.7,8.4,2.625,131072.0,2025-10-21,true,2026-02-24,2026-02-24T04:05:22.929256+00:00
qwen3-vl-4b-instruct,Qwen3 VL 4B Instruct,Alibaba,阿里巴巴,true,unknown,9.5,4.5,0.371,0.037,0.318,0.13,0.137,0.0,0.234,0.0,0.0,0.0,0.0,0.0,,2025-10-14,true,2026-02-24,2026-02-24T04:05:22.929256+00:00
qwen3-vl-4b-reasoning,Qwen3 VL 4B (Reasoning),Alibaba,阿里巴巴,true,Reasoning,13.7,6.7,0.494,0.044,0.366,0.213,0.171,0.015,0.155,0.0,0.0,0.0,0.0,0.0,,2025-10-14,true,2026-02-24,2026-02-24T04:05:22.929256+00:00
qwen3-vl-8b-instruct,Qwen3 VL 8B Instruct,Alibaba,阿里巴巴,true,unknown,14.3,7.3,0.427,0.029,0.323,0.153,0.174,0.023,0.292,0.953,117.245,0.18,0.7,0.31,131072.0,2025-10-14,true,2026-02-24,2026-02-24T04:05:22.929256+00:00
qwen3-vl-8b-reasoning,Qwen3 VL 8B (Reasoning),Alibaba,阿里巴巴,true,Reasoning,16.6,9.8,0.579,0.033,0.399,0.31,0.219,0.038,0.225,1.0,123.184,0.18,2.1,0.66,131072.0,2025-10-14,true,2026-02-24,2026-02-24T04:05:22.929256+00:00
qwq-32b,QwQ 32B,Alibaba,阿里巴巴,true,unknown,19.7,,0.593,0.082,0.388,0.25,0.358,,,0.494,29.593,0.43,0.6,0.473,32768.0,2025-03-05,true,2026-02-24,2026-02-24T04:05:22.929256+00:00
r1-1776,R1 1776,Perplexity,,false,unknown,12.0,,,,,,,,,0.0,0.0,0.0,0.0,0.0,163840.0,2025-02-18,true,2026-02-24,2026-02-24T04:05:22.929256+00:00
reka-flash,Reka Flash (Sep '24),Reka AI,,false,unknown,12.0,,,,,,,,,1.313,67.965,0.2,0.8,0.35,,2024-10-04,true,2026-02-24,2026-02-24T04:05:22.929256+00:00
reka-flash-3,Reka Flash 3,Reka AI,,false,unknown,9.5,8.9,0.529,0.051,0.304,0.0,0.267,0.0,0.0,1.333,48.471,0.2,0.8,0.35,,2025-03-10,true,2026-02-24,2026-02-24T04:05:22.929256+00:00
ring-1t,Ring-1T,InclusionAI,,false,unknown,22.5,16.8,0.774,0.102,0.446,0.457,0.367,0.068,0.263,0.0,0.0,0.0,0.0,0.0,,2025-10-13,true,2026-02-24,2026-02-24T04:05:22.929256+00:00
ring-flash-2-0,Ring-flash-2.0,InclusionAI,,false,unknown,14.0,10.6,0.725,0.089,0.433,0.21,0.168,0.076,0.0,1.367,79.745,0.14,0.57,0.247,,2025-09-19,true,2026-02-24,2026-02-24T04:05:22.929256+00:00
seed-oss-36b-instruct,Seed-OSS-36B-Instruct,ByteDance Seed,,true,unknown,25.0,16.7,0.726,0.091,0.419,0.577,0.365,0.068,0.494,1.585,31.979,0.21,0.57,0.3,,2025-08-20,true,2026-02-24,2026-02-24T04:05:22.929256+00:00
solar-mini,Solar Mini,Upstage,,false,unknown,8.0,,,,,,,,0.202,1.457,82.708,0.15,0.15,0.15,,2024-01-25,true,2026-02-24,2026-02-24T04:05:22.929256+00:00
solar-open-100b-reasoning,Solar Open 100B (Reasoning),Upstage,,false,Reasoning,21.6,10.5,0.657,0.092,0.577,0.36,0.269,0.023,0.482,0.0,0.0,0.0,0.0,0.0,,2025-12-17,true,2026-02-24,2026-02-24T04:05:22.929256+00:00
solar-pro-2,Solar Pro 2 (Non-reasoning),Upstage,,false,Non Reasoning,13.5,11.3,0.561,0.038,0.337,0.0,0.248,0.045,0.319,0.0,0.0,0.0,0.0,0.0,,2025-07-09,true,2026-02-24,2026-02-24T04:05:22.929256+00:00
solar-pro-2-preview,Solar Pro 2 (Preview) (Non-reasoning),Upstage,,false,Non Reasoning,16.0,,0.544,0.038,,,0.272,,,0.0,0.0,0.0,0.0,0.0,,2025-05-20,true,2026-02-24,2026-02-24T04:05:22.929256+00:00
solar-pro-2-preview-reasoning,Solar Pro 2 (Preview) (Reasoning),Upstage,,false,Reasoning,18.8,,0.578,0.057,,,0.164,,,0.0,0.0,0.0,0.0,0.0,,2025-05-20,true,2026-02-24,2026-02-24T04:05:22.929256+00:00
solar-pro-2-reasoning,Solar Pro 2 (Reasoning),Upstage,,false,Reasoning,14.9,12.1,0.687,0.07,0.371,0.0,0.302,0.03,0.281,0.0,0.0,0.0,0.0,0.0,,2025-07-09,true,2026-02-24,2026-02-24T04:05:22.929256+00:00
sonar,Sonar,Perplexity,,false,unknown,15.5,,0.471,0.073,,,0.229,,,1.267,121.69,1.0,1.0,1.0,127072.0,2025-01-21,true,2026-02-24,2026-02-24T04:05:22.929256+00:00
sonar-pro,Sonar Pro,Perplexity,,false,unknown,15.2,,0.578,0.079,,,0.226,,,1.323,111.86,3.0,15.0,6.0,200000.0,2025-01-21,true,2026-02-24,2026-02-24T04:05:22.929256+00:00
sonar-reasoning,Sonar Reasoning,Perplexity,,false,Reasoning,17.9,,0.623,,,,,,,0.0,0.0,0.0,0.0,0.0,,2025-01-28,true,2026-02-24,2026-02-24T04:05:22.929256+00:00
sonar-reasoning-pro,Sonar Reasoning Pro,Perplexity,,false,Reasoning,24.6,,,,,,,,,0.0,0.0,0.0,0.0,0.0,128000.0,2025-01-28,true,2026-02-24,2026-02-24T04:05:22.929256+00:00
step3-vl-10b,Step3 VL 10B,StepFun,,false,unknown,15.4,13.9,0.69,0.102,0.502,0.0,0.311,0.053,0.161,0.0,0.0,0.0,0.0,0.0,,2026-01-20,true,2026-02-24,2026-02-24T04:05:22.929256+00:00
tiny-aya-global,Tiny Aya Global,Cohere,,false,unknown,4.7,1.2,0.305,0.052,0.201,0.0,0.036,0.0,0.0,0.0,0.0,0.0,0.0,0.0,,2026-02-17,true,2026-02-24,2026-02-24T04:05:22.929256+00:00
tri-21b-think-preview,Tri-21B-think Preview,Trillion Labs,,false,Reasoning,20.5,7.4,0.538,0.057,0.471,0.147,0.178,0.023,0.933,0.0,0.0,0.0,0.0,0.0,,2026-02-10,true,2026-02-24,2026-02-24T04:05:22.929256+00:00
tri-21b-think-v0-5,Tri-21B-Think,Trillion Labs,,false,Reasoning,18.6,6.3,0.601,0.061,0.546,0.11,0.174,0.008,0.81,0.0,0.0,0.0,0.0,0.0,,2026-02-10,true,2026-02-24,2026-02-24T04:05:22.929256+00:00
tulu3-405b,Llama 3.1 Tulu3 405B,Allen Institute for AI,,false,unknown,14.1,,0.516,0.035,,,0.302,,,0.0,0.0,0.0,0.0,0.0,,2025-01-30,true,2026-02-24,2026-02-24T04:05:22.929256+00:00
