aa_slug,aa_name,aa_model_creator_name,aa_model_creator_name_CN,is_cn_provider,aa_intelligence_index,aa_coding_index,aa_gpqa,aa_hle,aa_ifbench,aa_lcr,aa_scicode,aa_terminalbench_hard,aa_tau2,aa_ttft_seconds,aa_tps,aa_price_input_usd,aa_price_output_usd,aa_price_blended_usd,aa_context_length,aa_release_date,has_aa,has_or,match_confidence,record_date,updated_at
claude-3-5-haiku,Claude 3.5 Haiku,Anthropic,,false,18.7,10.7,0.408,0.035,0.428,0.233,0.274,0.023,0.246,0.824,46.353,0.8,4.0,1.6,200000,2024-10-22,true,true,high,,2026-02-22 13:37:18.707625+00
claude-3-7-sonnet,Claude 3.7 Sonnet (Non-reasoning),Anthropic,,false,30.8,26.7,0.656,0.048,0.44,0.483,0.376,0.212,0.5,0.0,0.0,3.0,15.0,6.0,200000,2025-02-24,true,true,medium,,2026-02-22 13:37:18.707625+00
claude-3-haiku,Claude 3 Haiku,Anthropic,,false,12.1,6.7,0.374,0.039,0.361,0.21,0.186,0.008,0.211,0.468,117.418,0.25,1.25,0.5,200000,2024-03-04,true,true,high,,2026-02-22 13:37:18.707625+00
claude-35-sonnet,Claude 3.5 Sonnet (Oct '24),Anthropic,,false,15.9,30.2,0.599,0.039,,,0.366,,,0.0,0.0,3.0,15.0,6.0,200000,2024-10-22,true,true,medium,,2026-02-22 13:37:18.707625+00
claude-opus-4-5,Claude Opus 4.5 (Non-reasoning),Anthropic,,false,43.0,42.9,0.81,0.129,0.43,0.653,0.47,0.409,0.863,1.218,64.55,5.0,25.0,10.0,200000,2025-11-24,true,true,medium,,2026-02-22 13:37:18.707625+00
claude-opus-4-6,"Claude Opus 4.6 (Non-reasoning, High Effort)",Anthropic,,false,46.4,47.6,0.84,0.186,0.446,0.583,0.457,0.485,0.848,1.613,66.54,5.0,25.0,10.0,1000000,2026-02-05,true,true,medium,,2026-02-22 13:37:18.707625+00
claude-sonnet-4-6,"Claude Sonnet 4.6 (Non-reasoning, High Effort)",Anthropic,,false,44.3,46.4,0.799,0.132,0.412,0.577,0.469,0.462,0.795,0.791,56.238,3.0,15.0,6.0,1000000,2026-02-17,true,true,medium,,2026-02-22 13:37:18.707625+00
command-a,Command A,Cohere,,false,13.4,9.9,0.527,0.046,0.365,0.18,0.281,0.008,0.152,0.345,48.727,2.5,10.0,4.375,256000,2025-03-13,true,true,high,,2026-02-22 13:37:18.707625+00
command-r-03-2024,Command-R (Mar '24),Cohere,,false,7.4,,0.284,0.048,,,0.062,,,0.0,0.0,0.5,1.5,0.75,128000,2024-03-12,true,true,medium,,2026-02-22 13:37:18.707625+00
command-r-plus-04-2024,Command-R+ (Apr '24),Cohere,,false,8.3,,0.323,0.045,,,0.118,,,0.0,0.0,3.0,15.0,6.0,128000,2024-04-04,true,true,medium,,2026-02-22 13:37:18.707625+00
deepseek-r1,DeepSeek R1 0528 (May '25),DeepSeek,深度求索Deepseek,true,27,24,0.813,0.149,0.396,0.547,0.403,0.159,0.365,0,0,1.35,4.2,2.362,64000,2025-05-28,true,true,medium,2026-02-23,2026-02-22 13:37:18.707625+00
deepseek-r1-distill-llama-70b,DeepSeek R1 Distill Llama 70B,DeepSeek,深度求索Deepseek,true,16,11.4,0.402,0.061,0.276,0.11,0.312,0.015,0.219,0.788,56.241,0.7,1.05,0.875,131072,2025-01-20,true,true,medium,2026-02-23,2026-02-22 13:37:18.707625+00
deepseek-r1-distill-qwen-32b,DeepSeek R1 Distill Qwen 32B,DeepSeek,深度求索Deepseek,true,17.2,,0.615,0.055,0.229,0.097,0.376,,,0.267,56.405,0.27,0.27,0.27,32768,2025-01-20,true,true,medium,2026-02-23,2026-02-22 13:37:18.707625+00
deepseek-v3,DeepSeek V3 (Dec '24),DeepSeek,深度求索Deepseek,true,16.4,16.4,0.557,0.036,0.348,0.29,0.354,0.068,0.228,0.0,0.0,0.4,0.89,0.625,163840,2024-12-26,true,true,medium,,2026-02-22 13:37:18.707625+00
deepseek-v3-0324,DeepSeek V3 0324,DeepSeek,深度求索Deepseek,true,21.8,22.0,0.655,0.052,0.41,0.41,0.358,0.152,0.471,0.0,0.0,1.195,1.35,1.25,163840,2025-03-25,true,true,high,,2026-02-22 13:37:18.707625+00
deepseek-v3-1,DeepSeek V3.1 (Non-reasoning),DeepSeek,深度求索Deepseek,true,28.0,28.4,0.735,0.063,0.378,0.45,0.367,0.242,0.348,0.0,0.0,0.56,1.68,0.84,32768,2025-08-21,true,true,medium,,2026-02-22 13:37:18.707625+00
deepseek-v3-1-terminus,DeepSeek V3.1 Terminus (Non-reasoning),DeepSeek,深度求索Deepseek,true,28.4,31.9,0.751,0.084,0.412,0.433,0.321,0.318,0.371,0.0,0.0,0.4,1.68,0.8,163840,2025-09-22,true,true,medium,,2026-02-22 13:37:18.707625+00
deepseek-v3-2,DeepSeek V3.2 (Non-reasoning),DeepSeek,深度求索Deepseek,true,32.1,34.6,0.751,0.105,0.49,0.39,0.387,0.326,0.789,1.19,49.062,0.28,0.42,0.315,163840,2025-12-01,true,true,medium,,2026-02-22 13:37:18.707625+00
deepseek-v3-2-0925,DeepSeek V3.2 Exp (Non-reasoning),DeepSeek,深度求索Deepseek,true,28.3,30.0,0.738,0.086,0.431,0.43,0.399,0.25,0.339,1.142,49.705,0.28,0.42,0.315,163840,2025-09-29,true,true,medium,,2026-02-22 13:37:18.707625+00
deepseek-v3-2-speciale,DeepSeek V3.2 Speciale,DeepSeek,深度求索Deepseek,true,34.1,37.9,0.871,0.261,0.639,0.593,0.44,0.348,0.0,0.0,0.0,0.4,0.5,0.425,163840,2025-12-01,true,true,high,,2026-02-22 13:37:18.707625+00
devstral-2,Devstral 2,Mistral,,false,22.0,23.7,0.594,0.036,0.381,0.3,0.331,0.189,0.249,0.387,75.897,0.0,0.0,0.0,262144,2025-12-09,true,true,medium,,2026-02-22 13:37:18.707625+00
devstral-medium,Devstral Medium,Mistral,,false,18.6,15.9,0.492,0.038,0.299,0.287,0.294,0.091,0.199,0.436,107.71,0.4,2.0,0.8,131072,2025-07-10,true,true,high,,2026-02-22 13:37:18.707625+00
devstral-small,Devstral Small (Jul '25),Mistral,,false,15.2,12.1,0.414,0.037,0.346,0.17,0.243,0.061,0.284,0.352,233.784,0.1,0.3,0.15,131072,2025-07-10,true,true,low,,2026-02-22 13:37:18.707625+00
ernie-4-5-300b-a47b,ERNIE 4.5 300B A47B,Baidu,百度,true,14.9,14.5,0.811,0.035,0.391,0.023,0.315,0.061,0.0,1.936,20.967,0.28,1.1,0.485,123000,2025-06-30,true,true,high,,2026-02-22 13:37:18.707625+00
gemini_nano-banana-pro,Nano Banana Pro (Gemini 3 Pro Image),Google,,false,,,,,,,,,,,,,,,65536,2025-11,true,true,medium,,2026-02-22 13:37:18.707625+00
gemini-2-0-flash,Gemini 2.0 Flash (Feb '25),Google,,false,18.5,13.6,0.623,0.053,0.402,0.283,0.333,0.038,0.295,0.0,0.0,0.15,0.6,0.263,1048576,2025-02-05,true,true,medium,,2026-02-22 13:37:18.707625+00
gemini-2-0-flash-lite-001,Gemini 2.0 Flash-Lite (Feb '25),Google,,false,14.7,,0.535,0.036,,,0.25,,,0.0,0.0,0.0,0.0,0.0,1048576,2025-02-25,true,true,medium,,2026-02-22 13:37:18.707625+00
gemini-2-5-flash,Gemini 2.5 Flash (Non-reasoning),Google,,false,20.5,17.8,0.683,0.051,0.39,0.459,0.291,0.121,0.149,0.407,238.113,0.3,2.5,0.85,1048576,2025-05-20,true,true,medium,,2026-02-22 13:37:18.707625+00
gemini-2-5-flash-lite,Gemini 2.5 Flash-Lite (Non-reasoning),Google,,false,12.5,7.4,0.474,0.037,0.315,0.313,0.177,0.023,0.19,0.282,272.865,0.1,0.4,0.175,1048576,2025-06-17,true,true,medium,,2026-02-22 13:37:18.707625+00
gemini-2-5-pro,Gemini 2.5 Pro,Google,,false,34.5,31.9,0.844,0.211,0.487,0.66,0.428,0.265,0.541,36.682,158.836,1.25,10.0,3.438,1048576,2025-06-05,true,true,high,,2026-02-22 13:37:18.707625+00
gemini-2-5-pro-03-25,Gemini 2.5 Pro Preview (Mar' 25),Google,,false,30.3,46.7,0.836,0.171,,,0.395,,,0.0,0.0,0.0,0.0,0.0,1048576,2025-03-25,true,true,low,,2026-02-22 13:37:18.707625+00
gemini-3-1-pro-preview,Gemini 3.1 Pro Preview,Google,,false,57.0,55.5,0.941,0.447,0.771,0.727,0.589,0.538,0.956,33.177,109.287,2.0,12.0,4.5,1048576,2026-02-19,true,true,high,,2026-02-22 13:37:18.707625+00
gemini-3-flash,Gemini 3 Flash Preview (Non-reasoning),Google,,false,35.1,37.8,0.812,0.141,0.551,0.48,0.499,0.318,0.433,9.57,177.897,0.5,3.0,1.125,1048576,2025-12-17,true,true,medium,,2026-02-22 13:37:18.707625+00
gemini-3-pro,Gemini 3 Pro Preview (high),Google,,false,48.4,46.5,0.908,0.372,0.704,0.707,0.561,0.417,0.871,27.712,139.671,2.0,12.0,4.5,1048576,2025-11-18,true,true,medium,,2026-02-22 13:37:18.707625+00
gemma-3-12b,Gemma 3 12B Instruct,Google,,false,8.8,6.3,0.349,0.048,0.367,0.067,0.174,0.008,0.108,25.358,34.897,0.0,0.0,0.0,32768,2025-03-12,true,true,medium,,2026-02-22 13:37:18.707625+00
gemma-3-27b,Gemma 3 27B Instruct,Google,,false,10.2,9.6,0.428,0.047,0.318,0.057,0.212,0.038,0.105,0.79,35.141,0.0,0.0,0.0,131072,2025-03-12,true,true,medium,,2026-02-22 13:37:18.707625+00
gemma-3-4b,Gemma 3 4B Instruct,Google,,false,6.3,2.9,0.291,0.052,0.283,0.057,0.073,0.008,0.05,0.908,34.655,0.0,0.0,0.0,32768,2025-03-12,true,true,medium,,2026-02-22 13:37:18.707625+00
glm-4-5-air,GLM-4.5-Air,Z AI,智谱,true,23.2,23.8,0.733,0.068,0.376,0.437,0.306,0.205,0.465,0.693,262.468,0.2,1.1,0.425,131072,2025-07-28,true,true,medium,,2026-02-22 13:37:18.707625+00
glm-4-5v,GLM-4.5V (Non-reasoning),Z AI,智谱,true,12.5,10.8,0.573,0.036,0.286,0.0,0.188,0.068,0.196,1.128,58.947,0.6,1.8,0.9,65536,2025-08-11,true,true,medium,,2026-02-22 13:37:18.707625+00
glm-4-6,GLM-4.6 (Non-reasoning),Z AI,智谱,true,30.1,30.2,0.632,0.052,0.367,0.263,0.331,0.288,0.769,0.689,98.658,0.6,2.2,1.0,202752,2025-09-30,true,true,medium,,2026-02-22 13:37:18.707625+00
glm-4-6v,GLM-4.6V (Non-reasoning),Z AI,智谱,true,17.1,11.1,0.566,0.037,0.279,0.123,0.272,0.03,0.307,1.079,48.248,0.3,0.9,0.45,131072,2025-12-08,true,true,medium,,2026-02-22 13:37:18.707625+00
glm-4-7,GLM-4.7 (Reasoning),Z AI,智谱,true,42.0,36.3,0.859,0.251,0.679,0.64,0.451,0.318,0.959,0.584,154.585,0.55,2.15,0.938,202752,2025-12-22,true,true,medium,,2026-02-22 13:37:18.707625+00
glm-4-7-flash,GLM-4.7-Flash (Reasoning),Z AI,智谱,true,30.1,25.9,0.581,0.071,0.608,0.35,0.337,0.22,0.988,0.719,58.611,0.07,0.4,0.152,202752,2026-01-19,true,true,medium,,2026-02-22 13:37:18.707625+00
glm-4.5,GLM-4.5 (Reasoning),Z AI,智谱,true,26.2,26.3,0.782,0.122,0.441,0.483,0.348,0.22,0.43,0.804,45.063,0.6,2.2,1.0,131000,2025-07-28,true,true,medium,,2026-02-22 13:37:18.707625+00
glm-5,GLM-5 (Reasoning),Z AI,智谱,true,49.6,44.2,0.82,0.272,0.723,0.633,0.462,0.432,0.982,1.343,62.665,1.0,3.2,1.55,204800,2026-02-11,true,true,medium,,2026-02-22 13:37:18.707625+00
gpt-3-5-turbo-0613,GPT-3.5 Turbo (0613),OpenAI,,false,,,,,,,,,,0.0,0.0,0.0,0.0,0.0,4095,2023-06-13,true,true,high,,2026-02-22 13:37:18.707625+00
gpt-35-turbo,GPT-3.5 Turbo,OpenAI,,false,9.0,10.7,0.297,,,,,,,0.365,97.811,0.5,1.5,0.75,16385,2022-11-30,true,true,high,,2026-02-22 13:37:18.707625+00
gpt-4,GPT-4,OpenAI,,false,12.8,13.1,,,,,,,,0.666,36.638,30.0,60.0,37.5,8191,2023-03-14,true,true,high,,2026-02-22 13:37:18.707625+00
gpt-4-1,GPT-4.1,OpenAI,,false,25.6,21.8,0.666,0.046,0.43,0.61,0.381,0.136,0.471,0.49,96.226,2.0,8.0,3.5,1047576,2025-04-14,true,true,high,,2026-02-22 13:37:18.707625+00
gpt-4-1-mini,GPT-4.1 mini,OpenAI,,false,22.4,18.5,0.664,0.046,0.383,0.423,0.404,0.076,0.529,0.471,76.292,0.4,1.6,0.7,1047576,2025-04-14,true,true,high,,2026-02-22 13:37:18.707625+00
gpt-4-1-nano,GPT-4.1 nano,OpenAI,,false,12.9,11.2,0.512,0.039,0.32,0.17,0.259,0.038,0.173,0.393,128.032,0.1,0.4,0.175,1047576,2025-04-14,true,true,high,,2026-02-22 13:37:19.501279+00
gpt-4-turbo,GPT-4 Turbo,OpenAI,,false,13.7,21.5,,0.033,,,0.319,,,1.188,26.229,10.0,30.0,15.0,128000,2023-11-06,true,true,high,,2026-02-22 13:37:19.501279+00
gpt-4o,GPT-4o (Nov '24),OpenAI,,false,17.3,16.7,0.543,0.033,0.343,0.0,0.333,0.083,0.251,0.496,162.034,2.5,10.0,4.375,128000,2024-11-20,true,true,medium,,2026-02-22 13:37:19.501279+00
gpt-4o-2024-05-13,GPT-4o (May '24),OpenAI,,false,16.0,24.2,0.526,0.028,,,0.309,,,0.502,109.002,5.0,15.0,7.5,128000,2024-05-13,true,true,high,,2026-02-22 13:37:19.501279+00
gpt-4o-2024-08-06,GPT-4o (Aug '24),OpenAI,,false,18.8,16.6,0.521,0.029,0.36,0.35,0.331,0.083,0.289,0.471,104.645,2.5,10.0,4.375,128000,2024-08-06,true,true,high,,2026-02-22 13:37:19.501279+00
gpt-4o-chatgpt,GPT-4o (ChatGPT),OpenAI,,false,14.1,,0.511,0.037,,0.53,0.334,,,0.0,0.0,5.0,15.0,7.5,128000,2025-02-15,true,true,medium,,2026-02-22 13:37:19.501279+00
gpt-4o-mini,GPT-4o mini,OpenAI,,false,12.6,,0.426,0.04,0.31,,0.229,,,0.454,54.198,0.15,0.6,0.263,128000,2024-07-18,true,true,high,,2026-02-22 13:37:19.501279+00
gpt-5,GPT-5 (high),OpenAI,,false,44.6,36.0,0.854,0.265,0.731,0.756,0.429,0.326,0.848,101.722,95.031,1.25,10.0,3.438,400000,2025-08-07,true,true,medium,,2026-02-22 13:37:19.501279+00
gpt-5-1,GPT-5.1 (high),OpenAI,,false,47.6,44.7,0.873,0.265,0.729,0.75,0.433,0.455,0.819,29.851,135.437,1.25,10.0,3.438,400000,2025-11-13,true,true,medium,,2026-02-22 13:37:19.501279+00
gpt-5-1-codex,GPT-5.1 Codex (high),OpenAI,,false,42.2,36.6,0.86,0.234,0.7,0.673,0.402,0.348,0.83,18.242,158.814,1.25,10.0,3.438,400000,2025-11-13,true,true,medium,,2026-02-22 13:37:19.501279+00
gpt-5-1-codex-mini,GPT-5.1 Codex mini (high),OpenAI,,false,38.5,36.4,0.813,0.169,0.679,0.627,0.426,0.333,0.629,9.384,155.086,0.25,2.0,0.688,400000,2025-11-13,true,true,medium,,2026-02-22 13:37:19.501279+00
gpt-5-1-non-reasoning,GPT-5.1 (Non-reasoning),OpenAI,,false,27.4,27.3,0.643,0.052,0.432,0.44,0.365,0.227,0.465,0.685,111.711,1.25,10.0,3.438,128000,2025-11-13,true,true,medium,,2026-02-22 13:37:19.501279+00
gpt-5-2,GPT-5.2 (xhigh),OpenAI,,false,51.2,48.7,0.903,0.354,0.754,0.727,0.521,0.47,0.848,33.931,92.028,1.75,14.0,4.813,400000,2025-12-11,true,true,medium,,2026-02-22 13:37:19.501279+00
gpt-5-2-codex,GPT-5.2 Codex (xhigh),OpenAI,,false,49.0,43.0,0.899,0.335,0.776,0.757,0.546,0.371,0.921,28.245,100.706,1.75,14.0,4.813,400000,2025-12-11,true,true,medium,,2026-02-22 13:37:19.501279+00
gpt-5-2-medium,GPT-5.2 (medium),OpenAI,,false,46.6,44.2,0.864,0.249,0.652,0.633,0.462,0.432,0.743,0.0,0.0,1.75,14.0,4.813,128000,2025-12-11,true,true,medium,,2026-02-22 13:37:19.501279+00
gpt-5-chatgpt,GPT-5 (ChatGPT),OpenAI,,false,21.8,21.2,0.686,0.058,0.45,0.637,0.378,0.129,0.0,0.536,210.986,1.25,10.0,3.438,128000,2025-08-07,true,true,medium,,2026-02-22 13:37:19.501279+00
gpt-5-codex,GPT-5 Codex (high),OpenAI,,false,44.5,38.9,0.837,0.256,0.741,0.69,0.409,0.379,0.868,10.871,323.237,1.25,10.0,3.438,400000,2025-09-23,true,true,medium,,2026-02-22 13:37:19.501279+00
gpt-5-mini,GPT-5 mini (high),OpenAI,,false,41.0,35.3,0.828,0.197,0.754,0.68,0.392,0.333,0.684,105.629,75.08,0.25,2.0,0.688,400000,2025-08-07,true,true,medium,,2026-02-22 13:37:19.501279+00
gpt-5-nano,GPT-5 nano (high),OpenAI,,false,26.7,20.3,0.676,0.082,0.676,0.417,0.366,0.121,0.365,106.458,130.903,0.05,0.4,0.138,400000,2025-08-07,true,true,medium,,2026-02-22 13:37:19.501279+00
gpt-oss-120b,gpt-oss-120B (high),OpenAI,,false,33.3,28.6,0.782,0.185,0.69,0.507,0.389,0.235,0.658,0.48,327.484,0.15,0.6,0.263,131072,2025-08-05,true,true,medium,,2026-02-22 13:37:19.501279+00
gpt-oss-20b,gpt-oss-20B (high),OpenAI,,false,24.5,18.5,0.688,0.098,0.651,0.307,0.344,0.106,0.602,0.468,322.807,0.07,0.2,0.1,131072,2025-08-05,true,true,medium,,2026-02-22 13:37:19.501279+00
granite-4-0-micro,Granite 4.0 Micro,IBM,,false,7.7,5.0,0.336,0.051,0.248,0.04,0.119,0.015,0.126,0.0,0.0,0.0,0.0,0.0,131000,2025-09-22,true,true,high,,2026-02-22 13:37:19.501279+00
grok-3,Grok 3,xAI,,false,25.0,19.8,0.693,0.051,0.469,0.547,0.368,0.114,0.488,0.73,66.517,3.0,15.0,6.0,131072,2025-02-19,true,true,high,,2026-02-22 13:37:19.501279+00
grok-4,Grok 4,xAI,,false,41.4,40.5,0.877,0.239,0.537,0.68,0.457,0.379,0.749,10.059,39.01,3.0,15.0,6.0,256000,2025-07-10,true,true,high,,2026-02-22 13:37:19.501279+00
grok-4-1-fast,Grok 4.1 Fast (Non-reasoning),xAI,,false,23.5,19.5,0.637,0.05,0.365,0.22,0.296,0.144,0.637,0.722,116.367,0.2,0.5,0.275,2000000,2025-11-19,true,true,medium,,2026-02-22 13:37:19.501279+00
grok-4-fast,Grok 4 Fast (Non-reasoning),xAI,,false,22.6,19.0,0.606,0.05,0.377,0.2,0.329,0.121,0.637,0.648,160.388,0.2,0.5,0.275,2000000,2025-09-19,true,true,medium,,2026-02-22 13:37:19.501279+00
grok-code-fast-1,Grok Code Fast 1,xAI,,false,28.7,23.7,0.727,0.075,0.414,0.483,0.362,0.174,0.757,6.995,314.131,0.2,1.5,0.525,256000,2025-08-28,true,true,high,,2026-02-22 13:37:19.501279+00
hermes-3-llama-3-1-70b,Hermes 3 - Llama-3.1 70B,Nous Research,,false,10.6,,0.401,0.041,,,0.231,,,0.287,32.568,0.3,0.3,0.3,65536,2024-08-15,true,true,low,,2026-02-22 13:37:19.501279+00
intellect-3,INTELLECT-3,Prime Intellect,,false,22.1,19.1,0.761,0.121,0.34,0.323,0.391,0.091,0.266,0.0,0.0,0.2,1.1,0.425,131072,2025-11-27,true,true,high,,2026-02-22 13:37:19.501279+00
kat-coder-pro-v1,KAT-Coder-Pro V1,KwaiKAT,,false,36.1,18.3,0.764,0.334,0.684,0.74,0.366,0.091,0.886,2.001,63.052,0.3,1.2,0.525,256000,2025-11-11,true,true,high,,2026-02-22 13:37:19.501279+00
kimi-k2,Kimi K2,Kimi,月之暗面Kimi,true,26.2,22.1,0.766,0.07,0.415,0.51,0.345,0.159,0.611,0.586,40.681,0.6,2.5,1.075,131072,2025-07-11,true,true,medium,,2026-02-22 13:37:19.501279+00
kimi-k2-0905,Kimi K2 0905,Kimi,月之暗面Kimi,true,30.8,25.9,0.767,0.063,0.417,0.523,0.307,0.235,0.734,0.505,59.3,0.99,2.5,1.2,131072,2025-09-05,true,true,high,,2026-02-22 13:37:19.501279+00
kimi-k2-5,Kimi K2.5 (Reasoning),Kimi,月之暗面Kimi,true,46.7,39.5,0.879,0.294,0.702,0.653,0.49,0.348,0.959,1.207,44.605,0.6,3.0,1.2,262144,2026-01-27,true,true,medium,,2026-02-22 13:37:19.501279+00
kimi-k2-thinking,Kimi K2 Thinking,Kimi,月之暗面Kimi,true,40.7,34.8,0.838,0.223,0.681,0.663,0.424,0.311,0.93,0.647,89.477,0.6,2.5,1.075,131072,2025-11-06,true,true,high,,2026-02-22 13:37:19.501279+00
lfm2-2-6b,LFM2 2.6B,Liquid AI,,false,7.9,1.4,0.306,0.052,0.195,0.0,0.025,0.008,0.135,0.0,0.0,0.0,0.0,0.0,32768,2025-09-23,true,true,high,,2026-02-22 13:37:19.501279+00
lfm2-5-1-2b-instruct,LFM2.5-1.2B-Instruct,Liquid AI,,false,8.0,0.8,0.326,0.068,0.438,0.0,0.023,0.0,0.108,0.0,0.0,0.0,0.0,0.0,32768,2026-01-05,true,true,medium,,2026-02-22 13:37:19.501279+00
lfm2-5-1-2b-thinking,LFM2.5-1.2B-Thinking,Liquid AI,,false,8.1,1.4,0.339,0.061,0.418,0.0,0.042,0.0,0.196,0.0,0.0,0.0,0.0,0.0,32768,2026-01-20,true,true,medium,,2026-02-22 13:37:19.501279+00
lfm2-8b-a1b,LFM2 8B A1B,Liquid AI,,false,6.8,2.3,0.344,0.049,0.263,0.0,0.068,0.0,0.105,0.0,0.0,0.0,0.0,0.0,32768,2025-10-07,true,true,high,,2026-02-22 13:37:19.501279+00
llama-3-1-nemotron-ultra-253b-v1-reasoning,Llama 3.1 Nemotron Ultra 253B v1 (Reasoning),NVIDIA,,false,15.0,13.1,0.728,0.081,0.382,0.073,0.347,0.023,0.114,0.0,0.0,0.6,1.8,0.9,131072,2025-04-07,true,true,medium,,2026-02-22 13:37:19.501279+00
llama-4-maverick,Llama 4 Maverick,Meta,,false,18.3,15.6,0.671,0.048,0.43,0.46,0.331,0.068,0.178,0.488,126.554,0.31,0.85,0.461,1048576,2025-04-05,true,true,high,,2026-02-22 13:37:19.501279+00
llama-4-scout,Llama 4 Scout,Meta,,false,13.5,6.7,0.587,0.043,0.395,0.258,0.17,0.015,0.155,0.475,156.695,0.18,0.625,0.287,327680,2025-04-05,true,true,high,,2026-02-22 13:37:19.501279+00
mimo-v2-0206,MiMo-V2-Flash (Feb 2026),Xiaomi,小米,true,41.4,33.5,0.835,0.2,0.718,0.643,0.383,0.311,0.933,1.154,158.075,0.1,0.3,0.15,262144,2025-12-16,true,true,medium,,2026-02-22 13:37:19.501279+00
minimax-m2,MiniMax-M2,MiniMax,Minimax,true,36,29.2,0.777,0.125,0.723,0.61,0.361,0.258,0.868,2.313,59.258,0.3,1.2,0.525,196608,2025-10-26,true,true,medium,2026-02-23,2026-02-22 13:37:19.501279+00
minimax-m2-1,MiniMax-M2.1,MiniMax,Minimax,true,39.5,32.8,0.83,0.222,0.699,0.59,0.407,0.288,0.854,1.521,61.345,0.3,1.2,0.525,196608,2025-12-23,true,true,high,,2026-02-22 13:37:19.501279+00
minimax-m2-5,MiniMax-M2.5,MiniMax,Minimax,true,42.0,37.4,0.848,0.191,0.716,0.66,0.426,0.348,0.953,2.503,57.617,0.3,1.2,0.525,196608,2026-02-12,true,true,high,,2026-02-22 13:37:19.501279+00
ministral-3-14b,Ministral 3 14B,Mistral,,false,16.0,10.9,0.572,0.046,0.32,0.22,0.236,0.045,0.272,0.289,128.189,0.2,0.2,0.2,262144,2025-12-02,true,true,medium,,2026-02-22 13:37:19.501279+00
ministral-3-3b,Ministral 3 3B,Mistral,,false,11.2,4.8,0.358,0.053,0.268,0.117,0.144,0.0,0.249,0.261,293.526,0.1,0.1,0.1,131072,2025-12-02,true,true,medium,,2026-02-22 13:37:19.501279+00
ministral-3-8b,Ministral 3 8B,Mistral,,false,14.6,10.0,0.471,0.043,0.291,0.24,0.208,0.045,0.266,0.272,179.368,0.15,0.15,0.15,262144,2025-12-02,true,true,medium,,2026-02-22 13:37:19.501279+00
mistral-7b-instruct,Mistral 7B Instruct,Mistral,,false,7.4,,0.177,0.043,0.199,0.0,0.024,,0.0,0.289,182.761,0.25,0.25,0.25,32768,2023-09-27,true,true,high,,2026-02-22 13:37:19.501279+00
mistral-8x22b-instruct,Mixtral 8x22B Instruct,Mistral,,false,9.8,,0.332,0.041,,,0.188,,,0.0,0.0,0.0,0.0,0.0,65536,2024-04-17,true,true,high,,2026-02-22 13:37:19.501279+00
mistral-large,Mistral Large (Feb '24),Mistral,,false,9.9,,0.351,0.034,,,0.208,,,0.0,0.0,4.0,12.0,6.0,128000,2024-02-26,true,true,medium,,2026-02-22 13:37:22.28686+00
mistral-large-2407,Mistral Large 2 (Jul '24),Mistral,,false,13.0,,0.472,0.032,0.316,0.017,0.271,,0.33,0.0,0.0,2.0,6.0,3.0,131072,2024-07-24,true,true,medium,,2026-02-22 13:37:22.28686+00
mistral-large-3,Mistral Large 3,Mistral,,false,22.7,22.7,0.68,0.041,0.362,0.347,0.362,0.159,0.246,0.495,55.9,0.5,1.5,0.75,262144,2025-12-02,true,true,medium,,2026-02-22 13:37:22.28686+00
mistral-medium-3,Mistral Medium 3,Mistral,,false,18.7,13.6,0.578,0.043,0.393,0.28,0.331,0.038,0.243,0.384,85.67,0.4,2.0,0.8,131072,2025-05-07,true,true,high,,2026-02-22 13:37:22.28686+00
mistral-medium-3-1,Mistral Medium 3.1,Mistral,,false,21.1,18.3,0.588,0.044,0.398,0.197,0.338,0.106,0.406,0.415,85.638,0.4,2.0,0.8,131072,2025-08-12,true,true,high,,2026-02-22 13:37:22.28686+00
mistral-saba,Mistral Saba,Mistral,,false,12.1,,0.424,0.041,,,0.241,,,0.0,0.0,0.0,0.0,0.0,32768,2025-02-17,true,true,low,,2026-02-22 13:37:22.28686+00
mistral-small-3,Mistral Small 3,Mistral,,false,12.7,,0.462,0.041,0.264,0.0,0.236,,0.196,0.355,233.01,0.1,0.3,0.15,32768,2025-01-30,true,true,high,,2026-02-22 13:37:22.28686+00
mixtral-8x7b-instruct,Mixtral 8x7B Instruct,Mistral,,false,7.7,,0.292,0.045,,,0.028,,,0.0,0.0,0.54,0.6,0.54,32768,2023-12-11,true,true,high,,2026-02-22 13:37:22.28686+00
molmo2-8b,Molmo2-8B,Allen Institute for AI,,false,,4.4,0.425,0.044,0.269,0.0,0.133,0.0,0.0,0.481,114.565,0.0,0.0,0.0,36864,2025-12-11,true,true,high,,2026-02-22 13:37:22.28686+00
nvidia-nemotron-3-nano-30b-a3b,NVIDIA Nemotron 3 Nano 30B A3B (Non-reasoning),NVIDIA,,false,13.3,15.8,0.399,0.046,0.375,0.067,0.23,0.121,0.254,0.269,112.634,0.055,0.22,0.096,262144,2025-12-15,true,true,medium,2026-02-23,2026-02-22 14:03:42.522832+00
nvidia-nemotron-nano-9b-v2,NVIDIA Nemotron Nano 9B V2 (Non-reasoning),NVIDIA,,false,13.1,7.5,0.557,0.04,0.271,0.227,0.209,0.008,0.234,0.555,117.947,0.06,0.23,0.102,131072,2025-08-18,true,true,medium,2026-02-23,2026-02-22 14:03:42.522832+00
o1,o1,OpenAI,,false,30.7,20.5,0.747,0.077,0.703,0.593,0.358,0.129,0.626,20.19,168.982,15.0,60.0,26.25,200000,2024-12-05,true,true,high,,2026-02-22 13:37:22.28686+00
o1-pro,o1-pro,OpenAI,,false,25.8,,,,,,,,,0.0,0.0,150.0,600.0,262.5,200000,2025-03-19,true,true,high,,2026-02-22 13:37:22.28686+00
o3,o3,OpenAI,,false,38.3,38.4,0.827,0.2,0.714,0.693,0.41,0.371,0.807,18.761,138.157,2.0,8.0,3.5,200000,2025-04-16,true,true,high,,2026-02-22 13:37:22.28686+00
o3-mini,o3-mini,OpenAI,,false,25.9,17.9,0.748,0.087,,,0.399,0.068,0.287,13.863,149.61,1.1,4.4,1.925,200000,2025-01-31,true,true,high,,2026-02-22 13:37:22.28686+00
o3-mini-high,o3-mini (high),OpenAI,,false,25.1,17.3,0.773,0.123,0.671,0.393,0.398,0.061,0.313,44.205,152.38,1.1,4.4,1.925,200000,2025-01-31,true,true,low,,2026-02-22 13:37:22.28686+00
o3-pro,o3-pro,OpenAI,,false,40.7,,0.845,,,,,,,90.78,33.517,20.0,80.0,35.0,200000,2025-06-10,true,true,high,,2026-02-22 13:37:22.28686+00
o4-mini,o4-mini (high),OpenAI,,false,33.0,25.6,0.784,0.175,0.687,0.55,0.465,0.152,0.556,55.398,142.904,1.1,4.4,1.925,200000,2025-04-16,true,true,medium,,2026-02-22 13:37:22.28686+00
olmo-2-32b,OLMo 2 32B,Allen Institute for AI,,false,10.6,2.7,0.328,0.037,0.381,0.0,0.08,0.0,0.0,0.0,0.0,0.0,0.0,0.0,128000,2025-03-13,true,true,medium,,2026-02-22 13:37:22.28686+00
olmo-3-1-32b-instruct,Olmo 3.1 32B Instruct,Allen Institute for AI,,false,12.0,5.6,0.539,0.049,0.392,0.0,0.167,0.0,0.213,0.241,45.005,0.2,0.6,0.3,65536,2026-01-13,true,true,high,,2026-02-22 13:37:22.28686+00
olmo-3-1-32b-think,Olmo 3.1 32B Think,Allen Institute for AI,,false,14.2,9.8,0.591,0.06,0.66,0.0,0.293,0.0,0.0,0.502,91.886,0.0,0.0,0.0,65536,2025-12-12,true,true,high,,2026-02-22 13:37:22.28686+00
olmo-3-32b-think,Olmo 3 32B Think,Allen Institute for AI,,false,12,10.5,0.61,0.059,0.491,0,0.286,0.015,0,0,0,0,0,0,65536,2025-11-20,true,true,medium,2026-02-23,2026-02-22 13:37:22.28686+00
olmo-3-7b-instruct,Olmo 3 7B Instruct,Allen Institute for AI,,false,8.1,3.4,0.4,0.058,0.328,0.0,0.103,0.0,0.126,0.48,37.986,0.1,0.2,0.125,65536,2025-11-20,true,true,high,,2026-02-22 13:37:22.28686+00
olmo-3-7b-think,Olmo 3 7B Think,Allen Institute for AI,,false,9.5,7.6,0.516,0.057,0.415,0,0.212,0.008,0,0.608,171.327,0.12,0.2,0.14,65536,2025-11-20,true,true,medium,2026-02-23,2026-02-22 13:37:22.28686+00
phi-4,Phi-4,Microsoft Azure,,false,10.5,11.2,0.575,0.041,0.235,0.0,0.26,0.038,0.0,1.181,6.316,0.125,0.5,0.219,16384,2024-12-12,true,true,high,,2026-02-22 13:37:22.28686+00
pixtral-large-2411,Pixtral Large,Mistral,,false,14.0,,0.505,0.036,0.345,0.103,0.292,,0.365,0.447,51.058,2.0,6.0,3.0,131072,2024-11-18,true,true,high,,2026-02-22 13:37:22.28686+00
qwen-turbo,Qwen2.5 Turbo,Alibaba,阿里巴巴,true,12,,0.41,0.042,,,0.153,,,1.019,68.453,0.05,0.2,0.087,131072,2024-11-18,true,true,medium,2026-02-23,2026-02-22 13:37:22.28686+00
qwen3-14b-instruct,Qwen3 14B (Non-reasoning),Alibaba,阿里巴巴,true,12.7,12.4,0.47,0.042,0.239,0.0,0.265,0.053,0.322,0.935,53.14,0.35,1.4,0.613,40960,2025-04-28,true,true,medium,,2026-02-22 13:37:22.28686+00
qwen3-235b-a22b-instruct,Qwen3 235B A22B (Non-reasoning),Alibaba,阿里巴巴,true,16.9,14.0,0.613,0.047,0.366,0.0,0.299,0.061,0.272,1.069,45.341,0.7,2.8,1.225,131072,2025-04-28,true,true,medium,,2026-02-22 13:37:22.28686+00
qwen3-235b-a22b-instruct-2507,Qwen3 235B A22B 2507 Instruct,Alibaba,阿里巴巴,true,24.7,22.1,0.753,0.106,0.461,0.312,0.36,0.152,0.333,1.075,50.101,0.7,2.8,1.225,262144,2025-07-21,true,true,high,,2026-02-22 13:37:22.28686+00
qwen3-30b-a3b-2507,Qwen3 30B A3B 2507 Instruct,Alibaba,阿里巴巴,true,15.0,14.2,0.659,0.068,0.331,0.227,0.304,0.061,0.102,0.978,70.065,0.2,0.8,0.35,262144,2025-07-29,true,true,medium,,2026-02-22 13:37:22.28686+00
qwen3-30b-a3b-2507-reasoning,Qwen3 30B A3B 2507 (Reasoning),Alibaba,阿里巴巴,true,22.4,14.7,0.707,0.098,0.507,0.59,0.333,0.053,0.281,0.939,145.016,0.2,2.4,0.75,40960,2025-07-30,true,true,medium,,2026-02-22 13:37:22.28686+00
qwen3-32b-instruct,Qwen3 32B (Non-reasoning),Alibaba,阿里巴巴,true,14.5,,0.535,0.043,0.315,0.0,0.28,,,0.989,85.578,0.7,2.8,1.225,40960,2025-04-28,true,true,medium,,2026-02-22 13:37:22.28686+00
qwen3-4b-2507-instruct,Qwen3 4B 2507 Instruct,Alibaba,阿里巴巴,true,13.2,9.1,0.517,0.047,0.335,0.073,0.181,0.045,0.266,0.0,0.0,0.0,0.0,0.0,40960,2025-08-06,true,true,medium,,2026-02-22 13:37:22.28686+00
qwen3-5-397b-a17b,Qwen3.5 397B A17B (Reasoning),Alibaba,阿里巴巴,true,45.0,41.3,0.893,0.273,0.788,0.657,0.42,0.409,0.956,1.317,72.133,0.6,3.6,1.35,262144,2026-02-16,true,true,medium,,2026-02-22 13:37:22.28686+00
qwen3-8b-instruct,Qwen3 8B (Non-reasoning),Alibaba,阿里巴巴,true,10.6,7.1,0.452,0.028,0.286,0.0,0.168,0.023,0.249,0.932,77.326,0.18,0.7,0.31,32000,2025-04-28,true,true,medium,,2026-02-22 13:37:22.28686+00
qwen3-coder-30b-a3b-instruct,Qwen3 Coder 30B A3B Instruct,Alibaba,阿里巴巴,true,20,19.4,0.516,0.04,0.327,0.29,0.278,0.152,0.345,1.376,21.446,0.45,2.25,0.9,160000,2025-07-31,true,true,medium,2026-02-23,2026-02-22 13:37:22.28686+00
qwen3-coder-480b-a35b-instruct,Qwen3 Coder 480B A35B Instruct,Alibaba,阿里巴巴,true,24.6,24.6,0.618,0.044,0.405,0.423,0.359,0.189,0.436,1.506,59.521,1.5,7.5,3.0,262000,2025-07-22,true,true,medium,,2026-02-22 13:37:22.28686+00
qwen3-coder-next,Qwen3 Coder Next,Alibaba,阿里巴巴,true,28.1,22.9,0.737,0.093,0.352,0.4,0.323,0.182,0.795,0.778,117.987,0.2,1.2,0.525,262144,2026-02-03,true,true,high,,2026-02-22 13:37:22.28686+00
qwen3-max,Qwen3 Max,Alibaba,阿里巴巴,true,31.3,26.4,0.764,0.111,0.441,0.467,0.383,0.205,0.743,2.392,27.923,1.2,6.0,2.4,262144,2025-09-23,true,true,high,,2026-02-22 13:37:22.28686+00
qwen3-max-thinking,Qwen3 Max Thinking,Alibaba,阿里巴巴,true,39.7,30.5,0.861,0.262,0.707,0.66,0.431,0.242,0.836,1.626,37.017,1.2,6.0,2.4,262144,2026-01-26,true,true,high,,2026-02-22 13:37:22.28686+00
qwen3-next-80b-a3b-instruct,Qwen3 Next 80B A3B Instruct,Alibaba,阿里巴巴,true,20.1,15.3,0.738,0.073,0.397,0.513,0.307,0.076,0.216,1.047,140.038,0.5,2,0.875,262144,2025-09-11,true,true,medium,2026-02-23,2026-02-22 13:37:22.28686+00
qwen3-vl-235b-a22b-instruct,Qwen3 VL 235B A22B Instruct,Alibaba,阿里巴巴,true,20.6,16.5,0.712,0.063,0.427,0.317,0.359,0.068,0.351,1.133,42.895,0.7,2.8,1.225,262144,2025-09-23,true,true,high,,2026-02-22 13:37:22.28686+00
qwen3-vl-30b-a3b-instruct,Qwen3 VL 30B A3B Instruct,Alibaba,阿里巴巴,true,16,14.3,0.695,0.064,0.331,0.237,0.308,0.061,0.19,0.921,105.402,0.2,0.8,0.35,131072,2025-10-03,true,true,medium,2026-02-23,2026-02-22 13:37:22.28686+00
qwen3-vl-32b-instruct,Qwen3 VL 32B Instruct,Alibaba,阿里巴巴,true,17.2,15.6,0.671,0.063,0.392,0.313,0.301,0.083,0.292,0.991,63.562,0.7,2.8,1.225,131072,2025-10-21,true,true,high,,2026-02-22 13:37:22.28686+00
qwen3-vl-8b-instruct,Qwen3 VL 8B Instruct,Alibaba,阿里巴巴,true,14.3,7.3,0.427,0.029,0.323,0.153,0.174,0.023,0.292,0.941,115.711,0.18,0.7,0.31,131072,2025-10-14,true,true,high,,2026-02-22 13:37:22.28686+00
qwq-32b,QwQ 32B,Alibaba,阿里巴巴,true,19.7,,0.593,0.082,0.388,0.25,0.358,,,0.527,29.274,0.43,0.6,0.473,32768,2025-03-05,true,true,high,,2026-02-22 13:37:22.28686+00
r1-1776,R1 1776,Perplexity,,false,12.0,,,,,,,,,0.0,0.0,0.0,0.0,0.0,163840,2025-02-18,true,true,medium,,2026-02-22 13:37:22.28686+00
sonar,Sonar,Perplexity,,false,15.5,,0.471,0.073,,,0.229,,,1.335,107.322,1.0,1.0,1.0,127072,2025-01-21,true,true,high,,2026-02-22 13:37:22.28686+00
sonar-pro,Sonar Pro,Perplexity,,false,15.2,,0.578,0.079,,,0.226,,,1.344,104.247,3.0,15.0,6.0,200000,2025-01-21,true,true,high,,2026-02-22 13:37:22.28686+00
sonar-reasoning-pro,Sonar Reasoning Pro,Perplexity,,false,24.6,,,,,,,,,0.0,0.0,0.0,0.0,0.0,128000,2025-01-28,true,true,high,,2026-02-22 13:37:22.28686+00
